,Class Nbr,Tot Enrl,Start Date,End Date,Mtg Start,Mtg End,Mon,Tues,Wed,Thu,Fri,Sat,Sun,Building,Location
0,31961,9,1/24/2022,5/20/2022,7:00:00 PM,8:15:00 PM,M,,W,,,,,BDC,BKSFLD
1,32042,8,1/24/2022,5/20/2022,7:00:00 PM,8:15:00 PM,,T,,R,,,,DDH,BKSFLD
2,31970,4,1/24/2022,5/20/2022,7:00:00 PM,8:15:00 PM,M,,W,,,,,CSUB-AV,AV
3,31635,15,1/24/2022,5/20/2022,10:00:00 AM,10:50:00 AM,M,,W,,,,,VA,BKSFLD
4,31647,15,1/24/2022,5/20/2022,10:51:00 AM,12:05:00 PM,M,,W,,,,,VA,BKSFLD
5,31650,15,1/24/2022,5/20/2022,1:00:00 PM,1:50:00 PM,M,,W,,,,,VA,BKSFLD
6,31652,15,1/24/2022,5/20/2022,1:51:00 PM,3:05:00 PM,M,,W,,,,,VA,BKSFLD
8,31930,12,1/24/2022,5/20/2022,9:00:00 AM,9:50:00 AM,M,,,,,,,DDH,BKSFLD
9,31931,13,1/24/2022,5/20/2022,5:30:00 PM,6:20:00 PM,,,W,,,,,DDH,BKSFLD
78,32286,4,1/24/2022,5/20/2022,1:00:00 PM,2:15:00 PM,M,,W,,,,,SCI III,BKSFLD
91,31971,15,1/24/2022,5/20/2022,4:00:00 PM,5:15:00 PM,M,,W,,,,,SCI III,BKSFLD
101,32202,9,1/24/2022,5/20/2022,1:00:00 PM,2:15:00 PM,,T,,R,,,,SCI III,BKSFLD
102,32202,9,1/24/2022,5/20/2022,1:00:00 PM,2:40:00 PM,M,,,,,,,SCI III,BKSFLD
107,31984,17,1/24/2022,5/20/2022,8:30:00 PM,9:45:00 PM,M,,W,,,,,MUS,BKSFLD
108,32112,11,1/24/2022,5/20/2022,8:30:00 PM,9:45:00 PM,,T,,,,,,DDH,BKSFLD
110,31772,1,1/24/2022,5/20/2022,4:00:00 PM,4:55:00 PM,,T,,R,,,,MUS,BKSFLD
112,31031,7,1/24/2022,5/20/2022,7:30:00 AM,9:30:00 AM,,,W,,,,,SCI II,BKSFLD
114,31032,7,1/24/2022,5/20/2022,10:00:00 AM,12:00:00 PM,,,W,,,,,SCI II,BKSFLD
116,33080,7,1/24/2022,5/20/2022,3:30:00 PM,5:30:00 PM,,T,,,,,,SCI II,BKSFLD
120,31273,23,1/24/2022,5/20/2022,5:00:00 PM,5:50:00 PM,M,,,,,,,RNEC,BKSFLD
122,32120,10,1/24/2022,5/20/2022,7:00:00 PM,9:50:00 PM,,,,R,,,,RNEC,BKSFLD
135,32310,6,1/24/2022,5/20/2022,10:00:00 AM,11:15:00 AM,,T,,R,,,,SCI III,BKSFLD
139,32355,10,1/24/2022,5/20/2022,2:30:00 PM,4:10:00 PM,,,,,F,,,SCI III,BKSFLD
155,33062,0,1/24/2022,5/20/2022,8:30:00 AM,9:45:00 AM,,T,,R,,,,SCI II,BKSFLD
156,32028,34,1/24/2022,5/20/2022,1:00:00 PM,2:15:00 PM,M,,W,,,,,DDH,BKSFLD
157,32029,36,1/24/2022,5/20/2022,4:00:00 PM,5:15:00 PM,M,,W,,,,,BDC,BKSFLD
158,32030,14,1/24/2022,5/20/2022,7:00:00 PM,8:15:00 PM,M,,W,,,,,BDC,BKSFLD
159,31905,30,1/24/2022,5/20/2022,1:00:00 PM,2:15:00 PM,M,,W,,,,,DDH,BKSFLD
160,31909,35,1/24/2022,5/20/2022,2:30:00 PM,3:45:00 PM,M,,W,,,,,DDH,BKSFLD
161,31957,5,1/24/2022,5/20/2022,5:30:00 PM,8:00:00 PM,M,,,,,,,DDH,BKSFLD
164,31421,5,1/24/2022,5/20/2022,5:30:00 PM,8:00:00 PM,,T,,,,,,EDUC,BKSFLD
167,31885,26,1/24/2022,5/20/2022,8:00:00 AM,8:50:00 AM,M,,W,,F,,,BDC,BKSFLD
168,31892,25,1/24/2022,5/20/2022,10:00:00 AM,10:50:00 AM,M,,W,,F,,,BDC,BKSFLD
169,31893,12,1/24/2022,5/20/2022,11:00:00 AM,11:50:00 AM,M,,W,,F,,,BDC,BKSFLD
170,31896,38,1/24/2022,5/20/2022,4:00:00 PM,5:15:00 PM,,T,,R,,,,HUM,BKSFLD
175,33118,0,1/24/2022,5/20/2022,1:00:00 PM,2:15:00 PM,,T,,R,,,,DDH,BKSFLD
180,32007,22,1/24/2022,5/20/2022,5:45:00 PM,8:15:00 PM,,,W,,,,,HUM,BKSFLD
200,32008,14,1/24/2022,5/20/2022,2:30:00 PM,3:45:00 PM,,T,,R,,,,DDH,BKSFLD
201,31999,34,1/24/2022,5/20/2022,1:00:00 PM,2:15:00 PM,,T,,R,,,,DLC,BKSFLD
209,31028,58,1/24/2022,5/20/2022,8:30:00 AM,9:45:00 AM,M,,,R,,,,RNEC,BKSFLD
211,31029,7,1/24/2022,5/20/2022,7:30:00 AM,9:30:00 AM,,T,,,,,,SCI II,BKSFLD
213,31034,8,1/24/2022,5/20/2022,1:00:00 PM,3:00:00 PM,,T,,,,,,SCI II,BKSFLD
217,33138,8,1/24/2022,3/18/2022,6:00:00 PM,9:00:00 PM,M,,W,,,,,DDH,EBKS
223,31773,10,1/24/2022,5/20/2022,10:00:00 AM,10:50:00 AM,M,,W,,,,,EDUC,BKSFLD
224,31774,10,1/24/2022,5/20/2022,10:00:00 AM,11:40:00 AM,,,,,F,,,SRC,BKSFLD
230,31613,24,1/24/2022,5/20/2022,10:00:00 AM,10:50:00 AM,,T,,R,,,,EDUC,BKSFLD
231,31614,12,1/24/2022,5/20/2022,11:30:00 AM,1:10:00 PM,,T,,,,,,PE,BKSFLD
232,31615,12,1/24/2022,5/20/2022,11:30:00 AM,1:10:00 PM,,,,R,,,,PE,BKSFLD
233,31681,23,1/24/2022,5/20/2022,7:35:00 AM,8:50:00 AM,M,,W,,,,,DDH,BKSFLD
234,31682,12,1/24/2022,5/20/2022,9:00:00 AM,11:30:00 AM,M,,,,,,,SCI I,BKSFLD
235,31683,11,1/24/2022,5/20/2022,9:00:00 AM,11:30:00 AM,,,W,,,,,SCI I,BKSFLD
258,31160,0,1/24/2022,5/20/2022,3:30:00 PM,6:00:00 PM,,,,R,,,,DDH,BKSFLD
262,31010,35,1/24/2022,5/20/2022,4:00:00 PM,5:15:00 PM,M,,W,,,,,EDUC,BKSFLD
263,31015,24,1/24/2022,5/20/2022,5:30:00 PM,6:45:00 PM,M,,W,,,,,DDH,BKSFLD
264,31045,14,1/24/2022,5/20/2022,4:00:00 PM,5:15:00 PM,,T,,R,,,,EDUC,BKSFLD
265,31789,24,1/24/2022,5/20/2022,5:30:00 PM,7:10:00 PM,M,,,,,,,SCI III,BKSFLD
266,31790,24,1/24/2022,5/20/2022,7:20:00 PM,9:00:00 PM,M,,,,,,,PE,BKSFLD
269,31606,15,1/24/2022,5/20/2022,11:30:00 AM,12:45:00 PM,,T,,R,,,,DDH,BKSFLD
270,31646,29,1/24/2022,5/20/2022,1:00:00 PM,2:15:00 PM,M,,W,,,,,SCI III,BKSFLD
271,31653,17,1/24/2022,5/20/2022,2:40:00 PM,3:30:00 PM,,T,,R,,,,SCI III,BKSFLD
272,31655,19,1/24/2022,5/20/2022,10:00:00 AM,12:30:00 PM,M,,W,,,,,SCI II,BKSFLD
273,32539,4,1/24/2022,5/20/2022,1:00:00 PM,3:00:00 PM,,,,,F,,,SCI II,BKSFLD
274,31956,30,1/24/2022,5/20/2022,5:30:00 PM,6:45:00 PM,M,,W,,,,,BDC,BKSFLD
283,32407,3,1/24/2022,5/20/2022,9:00:00 AM,9:50:00 AM,M,,W,,F,,,DT,BKSFLD
285,32409,10,1/24/2022,5/20/2022,10:00:00 AM,10:50:00 AM,M,,W,,F,,,DT,BKSFLD
287,32566,13,1/24/2022,5/20/2022,1:00:00 PM,2:15:00 PM,M,,W,,,,,DT,BKSFLD
289,32569,15,1/24/2022,5/20/2022,10:00:00 AM,11:15:00 AM,,T,,R,,,,DT,BKSFLD
291,32570,15,1/24/2022,5/20/2022,11:30:00 AM,12:45:00 PM,,T,,R,,,,DT,BKSFLD
293,32117,10,1/24/2022,5/20/2022,5:00:00 PM,6:50:00 PM,,,,R,,,,RNEC,BKSFLD
295,32124,7,1/24/2022,5/20/2022,6:00:00 PM,9:00:00 PM,,,W,,,,,RNEC,BKSFLD
305,33080,7,1/24/2022,5/20/2022,3:30:00 PM,5:30:00 PM,,T,,,,,,SCI II,BKSFLD
311,32203,14,1/24/2022,5/20/2022,4:00:00 PM,5:40:00 PM,M,,,,,,,SCI III,BKSFLD
312,32203,14,1/24/2022,5/20/2022,4:00:00 PM,6:30:00 PM,,,W,,,,,SCI III,BKSFLD
343,33060,7,1/24/2022,3/18/2022,6:00:00 PM,8:30:00 PM,,T,,,,,,SCI III,EBKS
351,31589,14,1/24/2022,5/20/2022,1:00:00 PM,1:50:00 PM,,T,,R,,,,PE,BKSFLD
353,31333,2,1/24/2022,5/20/2022,1:00:00 PM,2:15:00 PM,M,,W,,,,,DDH,BKSFLD
354,31381,3,1/24/2022,5/20/2022,10:00:00 AM,11:15:00 AM,,T,,R,,,,WSL,BKSFLD
355,31393,13,1/24/2022,5/20/2022,9:00:00 AM,9:50:00 AM,M,,W,,F,,,WSL,BKSFLD
356,31394,36,1/24/2022,5/20/2022,1:00:00 PM,2:15:00 PM,M,,W,,,,,DDH,BKSFLD
362,32243,9,1/24/2022,5/20/2022,4:00:00 PM,5:15:00 PM,,T,,R,,,,SCI III,BKSFLD
363,32720,7,1/24/2022,5/20/2022,1:00:00 PM,2:15:00 PM,,T,,R,,,,DDH,BKSFLD
365,31326,10,1/24/2022,5/20/2022,6:00:00 PM,8:30:00 PM,,,,R,,,,EDUC,BKSFLD
366,31327,4,1/24/2022,5/20/2022,1:00:00 PM,3:00:00 PM,,,,R,,,,EDUC,BKSFLD
367,31328,3,1/24/2022,5/20/2022,3:30:00 PM,5:30:00 PM,,,,R,,,,EDUC,BKSFLD
368,33061,3,3/21/2022,5/20/2022,6:00:00 PM,8:30:00 PM,,T,,,,,,RNEC,EBKS
370,32950,6,1/24/2022,5/20/2022,4:00:00 PM,6:30:00 PM,,T,,,,,,EC I,BKSFLD
371,32951,5,1/24/2022,5/20/2022,4:00:00 PM,6:30:00 PM,,,,R,,,,EC I,BKSFLD
381,32506,20,1/24/2022,5/20/2022,5:30:00 PM,8:00:00 PM,,,W,,,,,EDUC,BKSFLD
387,32058,24,1/24/2022,5/20/2022,1:00:00 PM,2:15:00 PM,M,,W,,,,,SCI III,BKSFLD
388,32060,31,1/24/2022,5/20/2022,7:00:00 PM,8:15:00 PM,M,,W,,,,,DLC,BKSFLD
389,32062,25,1/24/2022,5/20/2022,5:30:00 PM,6:45:00 PM,M,,W,,,,,SCI III,BKSFLD
390,32068,20,1/24/2022,5/20/2022,4:00:00 PM,5:15:00 PM,M,,W,,,,,DDH,BKSFLD
396,31415,17,1/24/2022,5/20/2022,5:30:00 PM,8:00:00 PM,,T,,,,,,EDUC,BKSFLD
402,32359,10,1/24/2022,5/20/2022,5:30:00 PM,8:00:00 PM,,T,,,,,,SCI III,BKSFLD
453,31625,4,1/24/2022,5/20/2022,1:00:00 PM,1:50:00 PM,,,,R,,,,VA,BKSFLD
454,31626,4,1/24/2022,5/20/2022,1:51:00 PM,5:10:00 PM,,,,R,,,,VA,BKSFLD
455,31673,15,1/24/2022,5/20/2022,10:00:00 AM,10:50:00 AM,,,,,F,,,VA,BKSFLD
456,31674,15,1/24/2022,5/20/2022,10:51:00 AM,2:10:00 PM,,,,,F,,,VA,BKSFLD
457,31690,15,1/24/2022,5/20/2022,1:00:00 PM,1:50:00 PM,M,,,,,,,VA,BKSFLD
458,31692,15,1/24/2022,5/20/2022,1:51:00 PM,5:10:00 PM,M,,,,,,,VA,BKSFLD
460,31343,9,1/24/2022,5/20/2022,8:00:00 AM,8:50:00 AM,M,,W,,,,,DT,BKSFLD
461,31446,1,1/24/2022,5/20/2022,10:00:00 AM,10:50:00 AM,M,,W,,,,,MUS,BKSFLD
462,31648,3,1/24/2022,5/20/2022,9:00:00 AM,9:50:00 AM,M,,W,,,,,DT,BKSFLD
463,32093,1,1/24/2022,5/20/2022,3:00:00 PM,6:00:00 PM,,,,,F,,,MUS,BKSFLD
464,32095,1,1/24/2022,5/20/2022,2:30:00 PM,3:45:00 PM,M,,W,,,,,MUS,BKSFLD
465,32149,1,1/24/2022,5/20/2022,3:00:00 PM,6:00:00 PM,,,,,F,,,MUS,BKSFLD
466,32151,2,1/24/2022,5/20/2022,2:30:00 PM,3:45:00 PM,M,,W,,,,,MUS,BKSFLD
474,32012,44,1/24/2022,5/20/2022,2:30:00 PM,3:45:00 PM,M,,W,,,,,MUS,BKSFLD
475,32013,29,1/24/2022,5/20/2022,8:30:00 PM,9:45:00 PM,M,,W,,,,,BDC,BKSFLD
477,31698,7,1/24/2022,5/20/2022,5:30:00 PM,6:45:00 PM,M,,W,,,,,BDC,BKSFLD
478,31901,14,1/24/2022,5/20/2022,2:30:00 PM,3:45:00 PM,M,,W,,,,,BDC,BKSFLD
479,31911,35,1/24/2022,5/20/2022,4:00:00 PM,5:15:00 PM,M,,W,,,,,SCI III,BKSFLD
488,32909,13,1/24/2022,5/20/2022,7:00:00 PM,8:15:00 PM,M,,W,,,,,EDUC,BKSFLD
489,32112,11,1/24/2022,5/20/2022,8:30:00 PM,9:45:00 PM,,T,,,,,,DDH,BKSFLD
494,31825,8,1/24/2022,5/20/2022,7:00:00 PM,7:50:00 PM,,T,,,,,,WSL,BKSFLD
503,31332,4,1/24/2022,5/20/2022,2:00:00 PM,4:00:00 PM,,T,,,,,,EDUC,BKSFLD
504,31195,16,1/24/2022,5/20/2022,5:30:00 PM,6:45:00 PM,,T,,R,,,,DDH,BKSFLD
505,31196,7,1/24/2022,5/20/2022,7:00:00 PM,8:15:00 PM,,T,,R,,,,DDH,BKSFLD
517,32499,25,1/24/2022,5/20/2022,1:00:00 PM,2:15:00 PM,,T,,R,,,,DDH,BKSFLD
518,32505,17,1/24/2022,5/20/2022,10:00:00 AM,11:15:00 AM,,T,,R,,,,DDH,BKSFLD
519,32502,27,1/24/2022,5/20/2022,1:00:00 PM,2:15:00 PM,M,,W,,,,,DDH,BKSFLD
520,32504,10,1/24/2022,5/20/2022,2:30:00 PM,5:00:00 PM,,,W,,,,,DDH,BKSFLD
550,31383,8,1/24/2022,5/20/2022,5:30:00 PM,8:00:00 PM,,,,R,,,,WSL,BKSFLD
553,32494,7,1/24/2022,5/20/2022,4:00:00 PM,4:50:00 PM,,,,,F,,,SCI III,BKSFLD
554,32488,29,1/24/2022,5/20/2022,3:00:00 PM,3:50:00 PM,,,W,,,,,DDH,BKSFLD
555,32492,17,1/24/2022,5/20/2022,3:00:00 PM,3:50:00 PM,,,,R,,,,DDH,BKSFLD
570,32137,35,1/24/2022,5/20/2022,4:00:00 PM,4:50:00 PM,M,,W,,,,,SCI III,BKSFLD
571,32138,35,1/24/2022,5/20/2022,4:00:00 PM,6:30:00 PM,,T,,,,,,SCI III,BKSFLD
572,32155,35,1/24/2022,5/20/2022,2:30:00 PM,3:45:00 PM,M,,W,,,,,SCI III,BKSFLD
583,32166,22,1/24/2022,5/20/2022,3:00:00 PM,5:30:00 PM,,,,,F,,,SCI III,BKSFLD
586,31744,14,1/24/2022,5/20/2022,2:30:00 PM,3:45:00 PM,M,,W,,,,,DDH,BKSFLD
587,31797,7,1/24/2022,5/20/2022,5:45:00 PM,8:15:00 PM,,,,R,,,,DDH,BKSFLD
588,31750,16,1/24/2022,5/20/2022,5:45:00 PM,8:15:00 PM,M,,,,,,,DDH,BKSFLD
589,31799,9,1/24/2022,5/20/2022,5:45:00 PM,8:15:00 PM,,,,R,,,,DDH,BKSFLD
590,31778,8,1/24/2022,5/20/2022,7:00:00 PM,8:15:00 PM,M,,W,,,,,BDC,BKSFLD
591,31779,8,1/24/2022,5/20/2022,8:15:00 PM,9:45:00 PM,M,,W,,,,,BDC,BKSFLD
593,32229,8,1/24/2022,5/20/2022,10:00:00 AM,11:15:00 AM,,T,,R,,,,DDH,BKSFLD
594,31717,45,1/24/2022,5/20/2022,1:00:00 PM,2:15:00 PM,,T,,R,,,,SCI II,BKSFLD
595,31776,24,1/24/2022,5/20/2022,8:00:00 AM,8:50:00 AM,M,,W,,F,,,BDC,BKSFLD
596,31777,24,1/24/2022,5/20/2022,8:50:00 AM,9:50:00 AM,M,,W,,F,,,BDC,BKSFLD
597,31820,30,1/24/2022,5/20/2022,11:30:00 AM,12:45:00 PM,,T,,R,,,,BDC,BKSFLD
598,31831,21,1/24/2022,5/20/2022,7:00:00 PM,9:30:00 PM,,,W,,,,,SCI II,BKSFLD
599,32402,2,1/24/2022,5/20/2022,1:00:00 PM,2:15:00 PM,M,,W,,,,,DDH,BKSFLD
600,32403,11,1/24/2022,5/20/2022,5:30:00 PM,8:00:00 PM,,,,R,,,,SCI III,BKSFLD
613,31887,11,1/24/2022,5/20/2022,8:30:00 AM,9:45:00 AM,,T,,R,,,,HUM,BKSFLD
614,31947,5,1/24/2022,5/20/2022,5:30:00 PM,8:00:00 PM,,,W,,,,,DDH,BKSFLD
615,32622,120,1/24/2022,5/20/2022,1:00:00 PM,2:15:00 PM,,T,,R,,,,BDC,BKSFLD
616,32625,24,1/24/2022,5/20/2022,10:00:00 AM,12:30:00 PM,M,,,,,,,SCI I,BKSFLD
617,32626,21,1/24/2022,5/20/2022,1:00:00 PM,3:30:00 PM,M,,,,,,,SCI I,BKSFLD
618,32627,24,1/24/2022,5/20/2022,10:00:00 AM,12:30:00 PM,,,W,,,,,SCI I,BKSFLD
619,32629,23,1/24/2022,5/20/2022,1:00:00 PM,3:30:00 PM,,,W,,,,,SCI I,BKSFLD
620,32628,28,1/24/2022,5/20/2022,10:00:00 AM,12:30:00 PM,,,,R,,,,SCI I,BKSFLD
621,32829,28,1/24/2022,5/20/2022,2:30:00 PM,3:45:00 PM,,T,,R,,,,SCI II,BKSFLD
622,31483,30,1/24/2022,5/20/2022,8:00:00 AM,8:50:00 AM,,T,,R,,,,FA,BKSFLD
623,31484,30,1/24/2022,5/20/2022,8:51:00 AM,9:40:00 AM,,T,,R,,,,FA,BKSFLD
624,31487,26,1/24/2022,5/20/2022,1:00:00 PM,1:50:00 PM,,T,,R,,,,FA,BKSFLD
625,31488,26,1/24/2022,5/20/2022,1:51:00 PM,2:40:00 PM,,T,,R,,,,FA,BKSFLD
626,31513,13,1/24/2022,5/20/2022,10:00:00 AM,10:50:00 AM,,T,,R,,,,VA,BKSFLD
627,31514,13,1/24/2022,5/20/2022,10:51:00 AM,12:05:00 PM,,T,,R,,,,VA,BKSFLD
628,32603,55,1/24/2022,5/20/2022,2:30:00 PM,3:45:00 PM,M,,W,,,,,HUM,BKSFLD
629,32604,22,1/24/2022,5/20/2022,4:00:00 PM,6:30:00 PM,M,,,,,,,SCI I,BKSFLD
630,32605,12,1/24/2022,5/20/2022,4:00:00 PM,6:30:00 PM,,,W,,,,,SCI I,BKSFLD
631,32607,21,1/24/2022,5/20/2022,1:00:00 PM,3:30:00 PM,,T,,,,,,SCI I,BKSFLD
632,32758,53,1/24/2022,5/20/2022,4:00:00 PM,5:15:00 PM,,T,,R,,,,HUM,BKSFLD
638,31422,15,1/24/2022,5/20/2022,5:30:00 PM,8:00:00 PM,,,,R,,,,EDUC,BKSFLD
641,31588,19,1/24/2022,5/20/2022,9:00:00 AM,9:50:00 AM,M,,W,,,,,SRC,BKSFLD
657,32577,26,1/24/2022,5/20/2022,2:30:00 PM,3:45:00 PM,M,,W,,,,,DDH,BKSFLD
659,32608,34,1/24/2022,5/20/2022,11:30:00 AM,12:45:00 PM,,T,,R,,,,DDH,BKSFLD
661,32670,17,1/24/2022,5/20/2022,4:00:00 PM,5:15:00 PM,M,,W,,,,,DDH,BKSFLD
663,32675,25,1/24/2022,5/20/2022,10:00:00 AM,11:15:00 AM,,T,,R,,,,DDH,BKSFLD
665,32678,19,1/24/2022,5/20/2022,2:30:00 PM,3:45:00 PM,,T,,R,,,,DDH,BKSFLD
667,32631,66,1/24/2022,5/20/2022,5:30:00 PM,6:45:00 PM,,T,,R,,,,SCI III,BKSFLD
668,32635,15,1/24/2022,5/20/2022,1:00:00 PM,3:30:00 PM,,T,,,,,,SCI I,BKSFLD
669,32637,14,1/24/2022,5/20/2022,1:00:00 PM,3:30:00 PM,,,,R,,,,SCI I,BKSFLD
670,32638,19,1/24/2022,5/20/2022,10:00:00 AM,12:30:00 PM,,T,,,,,,SCI I,BKSFLD
671,32640,18,1/24/2022,5/20/2022,4:00:00 PM,6:30:00 PM,,,W,,,,,SCI I,BKSFLD
672,32730,1,1/24/2022,5/20/2022,6:00:00 PM,6:55:00 PM,,,,R,,,,DT,BKSFLD
674,32486,6,1/24/2022,5/20/2022,1:00:00 PM,2:15:00 PM,M,,W,,,,,DT,BKSFLD
675,32487,6,1/24/2022,5/20/2022,1:00:00 PM,2:25:00 PM,,,,,F,,,DT,BKSFLD
676,32741,4,1/24/2022,5/20/2022,6:00:00 PM,6:55:00 PM,,,,R,,,,DT,BKSFLD
678,32774,0,1/24/2022,5/20/2022,,,,,,,,,,DT,BKSFLD
679,32776,0,1/24/2022,5/20/2022,,,,,,,,,,DT,BKSFLD
680,32493,0,1/24/2022,5/20/2022,7:00:00 PM,10:00:00 PM,M,T,W,R,,,,DT,BKSFLD
681,32553,3,1/24/2022,5/20/2022,2:30:00 PM,3:45:00 PM,M,,W,,,,,DT,BKSFLD
682,32554,3,1/24/2022,5/20/2022,2:30:00 PM,3:55:00 PM,,,,,F,,,DT,BKSFLD
683,32742,2,1/24/2022,5/20/2022,6:00:00 PM,6:55:00 PM,,,,R,,,,DT,BKSFLD
685,32743,4,1/24/2022,5/20/2022,6:00:00 PM,6:55:00 PM,,,,R,,,,DT,BKSFLD
687,32775,25,1/24/2022,5/20/2022,,,,,,,,,,DT,BKSFLD
688,32778,1,1/24/2022,5/20/2022,,,,,,,,,,DT,BKSFLD
689,32580,0,1/24/2022,5/20/2022,7:00:00 PM,10:00:00 PM,M,T,W,R,,,,DT,BKSFLD
695,31992,28,1/24/2022,5/20/2022,2:30:00 PM,3:45:00 PM,,T,,R,,,,BDC,BKSFLD
696,31993,16,1/24/2022,5/20/2022,7:00:00 PM,8:15:00 PM,,T,,R,,,,DDH,BKSFLD
697,32027,34,1/24/2022,5/20/2022,4:00:00 PM,5:15:00 PM,,T,,R,,,,BDC,BKSFLD
698,31718,12,1/24/2022,5/20/2022,5:30:00 PM,6:45:00 PM,,T,,R,,,,SCI III,BKSFLD
699,32180,14,1/24/2022,5/20/2022,4:00:00 PM,5:40:00 PM,,T,,,,,,SCI III,BKSFLD
700,32180,14,1/24/2022,5/20/2022,4:00:00 PM,6:30:00 PM,,,,R,,,,SCI III,BKSFLD
708,31035,8,1/24/2022,5/20/2022,3:30:00 PM,5:30:00 PM,,,W,,,,,SCI II,BKSFLD
714,32594,68,1/24/2022,5/20/2022,10:00:00 AM,11:15:00 AM,,T,,R,,,,HUM,BKSFLD
715,32595,20,1/24/2022,5/20/2022,1:00:00 PM,3:30:00 PM,M,,,,,,,SCI I,BKSFLD
716,32596,24,1/24/2022,5/20/2022,1:00:00 PM,3:30:00 PM,,,W,,,,,SCI I,BKSFLD
717,32779,42,1/24/2022,5/20/2022,4:00:00 PM,5:15:00 PM,M,,W,,,,,SCI III,BKSFLD
718,32799,13,1/24/2022,5/20/2022,2:30:00 PM,3:45:00 PM,,T,,R,,,,SCI III,BKSFLD
719,32804,13,1/24/2022,5/20/2022,4:00:00 PM,6:30:00 PM,,,,R,,,,SCI I,BKSFLD
721,31031,7,1/24/2022,5/20/2022,7:30:00 AM,9:30:00 AM,,,W,,,,,SCI II,BKSFLD
723,31033,8,1/24/2022,5/20/2022,1:00:00 PM,3:00:00 PM,,,W,,,,,SCI II,BKSFLD
736,32558,35,1/24/2022,5/20/2022,9:00:00 AM,9:50:00 AM,M,,W,,F,,,DDH,BKSFLD
738,32562,22,1/24/2022,5/20/2022,10:00:00 AM,10:50:00 AM,M,,W,,F,,,DDH,BKSFLD
740,32565,18,1/24/2022,5/20/2022,11:00:00 AM,11:50:00 AM,M,,W,,F,,,DDH,BKSFLD
745,31030,6,1/24/2022,5/20/2022,10:00:00 AM,12:00:00 PM,,T,,,,,,SCI II,BKSFLD
762,32136,22,1/24/2022,5/20/2022,1:00:00 PM,2:15:00 PM,,T,,R,,,,SCI III,BKSFLD
763,32139,22,1/24/2022,5/20/2022,1:00:00 PM,1:50:00 PM,,,,,F,,,SCI III,BKSFLD
764,31880,8,1/24/2022,5/20/2022,9:00:00 AM,9:50:00 AM,M,,W,,F,,,BDC,BKSFLD
765,31881,16,1/24/2022,5/20/2022,2:30:00 PM,3:45:00 PM,M,,W,,,,,SCI III,BKSFLD
766,32185,8,1/24/2022,5/20/2022,12:00:00 PM,1:40:00 PM,M,,W,,,,,SCI III,BKSFLD
767,32186,16,1/24/2022,5/20/2022,10:00:00 AM,11:40:00 AM,M,,W,,,,,SCI III,BKSFLD
772,32234,20,1/24/2022,5/20/2022,10:00:00 AM,11:15:00 AM,,T,,R,,,,DDH,BKSFLD
773,32236,19,1/24/2022,5/20/2022,11:30:00 AM,12:45:00 PM,,T,,R,,,,DDH,BKSFLD
774,32238,17,1/24/2022,5/20/2022,1:00:00 PM,2:15:00 PM,M,,W,,,,,DDH,BKSFLD
779,32654,25,1/24/2022,5/20/2022,8:30:00 AM,9:45:00 AM,,T,,R,,,,EDUC,BKSFLD
780,32663,14,1/24/2022,5/20/2022,10:00:00 AM,11:15:00 AM,,T,,R,,,,DDH,BKSFLD
782,32927,19,1/24/2022,5/20/2022,4:00:00 PM,5:15:00 PM,,T,,R,,,,DDH,BKSFLD
792,31675,10,1/24/2022,5/20/2022,10:00:00 AM,10:50:00 AM,,T,,R,,,,SCI II,BKSFLD
793,31676,9,1/24/2022,5/20/2022,4:00:00 PM,6:30:00 PM,M,,W,,,,,SCI II,BKSFLD
795,31302,0,1/24/2022,5/20/2022,10:00:00 AM,10:50:00 AM,M,,W,,F,,,DDH,BKSFLD
796,31305,1,1/24/2022,5/20/2022,10:00:00 AM,11:15:00 AM,,T,,R,,,,DDH,BKSFLD
797,31309,0,1/24/2022,5/20/2022,11:00:00 AM,11:50:00 AM,M,,W,,F,,,DDH,BKSFLD
802,31953,37,1/24/2022,5/20/2022,5:30:00 PM,6:45:00 PM,M,,W,,,,,DDH,BKSFLD
803,31955,11,1/24/2022,5/20/2022,7:00:00 PM,8:15:00 PM,,T,,R,,,,DDH,BKSFLD
806,31990,22,1/24/2022,5/20/2022,8:30:00 PM,9:45:00 PM,M,,W,,,,,BDC,BKSFLD
807,31991,20,1/24/2022,5/20/2022,8:30:00 PM,9:45:00 PM,,T,,R,,,,BDC,BKSFLD
808,32771,35,1/24/2022,5/20/2022,8:30:00 AM,9:45:00 AM,,T,,R,,,,DDH,BKSFLD
809,32773,15,1/24/2022,5/20/2022,10:00:00 AM,12:30:00 PM,,T,,,,,,SCI I,BKSFLD
810,32777,20,1/24/2022,5/20/2022,10:00:00 AM,12:30:00 PM,,,,R,,,,SCI I,BKSFLD
811,32780,46,1/24/2022,5/20/2022,2:30:00 PM,3:45:00 PM,,T,,R,,,,DLC,BKSFLD
815,31886,8,1/24/2022,5/20/2022,9:00:00 AM,9:50:00 AM,M,,W,,F,,,MUS,BKSFLD
816,31903,12,1/24/2022,5/20/2022,11:00:00 AM,11:50:00 AM,M,,W,,F,,,MUS,BKSFLD
817,31904,17,1/24/2022,5/20/2022,10:00:00 AM,11:15:00 AM,,T,,R,,,,BDC,BKSFLD
819,33139,9,3/21/2022,5/20/2022,6:00:00 PM,9:00:00 PM,M,,W,,,,,DDH,EBKS
820,32406,17,1/24/2022,5/20/2022,1:00:00 PM,1:50:00 PM,,,W,,,,,HUM,BKSFLD
821,32408,45,1/24/2022,5/20/2022,8:30:00 AM,9:45:00 AM,,T,,R,,,,HUM,BKSFLD
822,32410,30,1/24/2022,5/20/2022,11:30:00 AM,12:45:00 PM,,T,,R,,,,SCI III,BKSFLD
832,32684,14,1/24/2022,5/20/2022,10:00:00 AM,11:15:00 AM,,T,,R,,,,DDH,BKSFLD
833,32723,13,1/24/2022,5/20/2022,2:30:00 PM,3:45:00 PM,,T,,R,,,,DDH,BKSFLD
834,31894,50,1/24/2022,5/20/2022,11:30:00 AM,12:45:00 PM,,T,,R,,,,HUM,BKSFLD
835,31945,19,1/24/2022,5/20/2022,5:30:00 PM,6:45:00 PM,,T,,R,,,,DDH,BKSFLD
867,31734,4,1/24/2022,5/20/2022,10:00:00 AM,10:50:00 AM,,,,,F,,,SCI II,BKSFLD
868,32232,23,1/24/2022,5/20/2022,10:00:00 AM,10:50:00 AM,,,,R,,,,SCI III,BKSFLD
869,32232,23,1/24/2022,5/20/2022,10:00:00 AM,11:40:00 AM,,T,,,,,,SCI III,BKSFLD
871,33074,23,1/24/2022,5/20/2022,10:50:00 AM,11:40:00 AM,,,,R,,,,SCI III,BKSFLD
873,32233,10,1/24/2022,5/20/2022,2:00:00 PM,3:40:00 PM,M,,,R,,,,SCI III,BKSFLD
884,31323,13,1/24/2022,5/20/2022,6:00:00 PM,8:30:00 PM,,,,R,,,,EDUC,BKSFLD
885,31330,3,1/24/2022,5/20/2022,6:00:00 PM,8:00:00 PM,,,W,,,,,EDUC,BKSFLD
886,32598,45,1/24/2022,5/20/2022,4:00:00 PM,5:15:00 PM,,T,,R,,,,SCI III,BKSFLD
887,32599,7,1/24/2022,5/20/2022,4:00:00 PM,6:30:00 PM,M,,,,,,,SCI I,BKSFLD
888,32600,13,1/24/2022,5/20/2022,4:00:00 PM,6:30:00 PM,,,W,,,,,SCI I,BKSFLD
889,32601,11,1/24/2022,5/20/2022,1:00:00 PM,3:30:00 PM,,T,,,,,,SCI I,BKSFLD
890,32602,14,1/24/2022,5/20/2022,1:00:00 PM,3:30:00 PM,,,,R,,,,SCI I,BKSFLD
891,32807,24,1/24/2022,5/20/2022,7:00:00 PM,7:50:00 PM,M,,,,,,,SCI III,BKSFLD
909,31562,19,1/24/2022,5/20/2022,12:00:00 PM,12:50:00 PM,M,,W,,,,,EDUC,BKSFLD
910,31565,15,1/24/2022,5/20/2022,11:30:00 AM,12:20:00 PM,,T,,R,,,,EDUC,BKSFLD
911,31590,23,1/24/2022,5/20/2022,10:00:00 AM,11:15:00 AM,,T,,R,,,,EDUC,BKSFLD
912,31765,12,1/24/2022,5/20/2022,1:00:00 PM,2:20:00 PM,,,W,,,,,EDUC,BKSFLD
913,31765,12,1/24/2022,5/20/2022,2:20:00 PM,3:30:00 PM,,,W,,,,,PE,BKSFLD
914,31620,12,1/24/2022,5/20/2022,5:30:00 PM,8:00:00 PM,M,,,,,,,SCI I,BKSFLD
915,31621,11,1/24/2022,5/20/2022,5:30:00 PM,8:00:00 PM,,,W,,,,,SCI I,BKSFLD
916,31623,12,1/24/2022,5/20/2022,5:30:00 PM,8:00:00 PM,,T,,,,,,SCI I,BKSFLD
917,31624,12,1/24/2022,5/20/2022,5:30:00 PM,8:00:00 PM,,,,R,,,,SCI I,BKSFLD
940,32191,8,1/24/2022,5/20/2022,10:00:00 AM,10:50:00 AM,M,,,,,,,SCI III,BKSFLD
941,32191,8,1/24/2022,5/20/2022,10:00:00 AM,11:15:00 AM,,T,,R,,,,SCI III,BKSFLD
943,32392,15,1/24/2022,5/20/2022,8:30:00 AM,9:45:00 AM,,T,,R,,,,DT,BKSFLD
945,32398,11,1/24/2022,5/20/2022,10:00:00 AM,11:15:00 AM,,T,,R,,,,DT,BKSFLD
947,32399,6,1/24/2022,5/20/2022,2:30:00 PM,3:45:00 PM,,T,,R,,,,DT,BKSFLD
951,31029,7,1/24/2022,5/20/2022,7:30:00 AM,9:30:00 AM,,T,,,,,,SCI II,BKSFLD
953,31030,6,1/24/2022,5/20/2022,10:00:00 AM,12:00:00 PM,,T,,,,,,SCI II,BKSFLD
964,32514,3,1/24/2022,5/20/2022,2:30:00 PM,3:45:00 PM,,T,,R,,,,DDH,BKSFLD
971,31182,10,1/24/2022,5/20/2022,5:30:00 PM,6:45:00 PM,M,,W,,,,,SCI III,BKSFLD
972,31185,13,1/24/2022,5/20/2022,5:30:00 PM,6:45:00 PM,,T,,R,,,,SCI III,BKSFLD
997,31934,32,1/24/2022,5/20/2022,2:30:00 PM,3:45:00 PM,M,,W,,,,,DDH,BKSFLD
998,31937,33,1/24/2022,5/20/2022,4:00:00 PM,5:15:00 PM,M,,W,,,,,DDH,BKSFLD
999,31967,28,1/24/2022,5/20/2022,7:00:00 PM,8:15:00 PM,M,,W,,,,,SCI III,BKSFLD
1009,32586,52,1/24/2022,5/20/2022,10:00:00 AM,10:50:00 AM,,T,,R,,,,BDC,BKSFLD
1010,32760,53,1/24/2022,5/20/2022,5:30:00 PM,6:45:00 PM,M,,W,,,,,HUM,BKSFLD
1011,32789,24,1/24/2022,5/20/2022,1:00:00 PM,2:15:00 PM,,T,,R,,,,DDH,BKSFLD
1012,32790,24,1/24/2022,5/20/2022,1:00:00 PM,3:30:00 PM,,,W,,,,,SCI I,BKSFLD
1013,31574,24,1/24/2022,5/20/2022,9:00:00 AM,9:50:00 AM,,T,,,,,,EDUC,BKSFLD
1014,31576,24,1/24/2022,5/20/2022,10:00:00 AM,10:50:00 AM,,T,,,,,,EDUC,BKSFLD
1015,31579,17,1/24/2022,5/20/2022,9:00:00 AM,9:50:00 AM,,,,R,,,,EDUC,BKSFLD
1023,31292,9,1/24/2022,5/20/2022,8:30:00 AM,9:45:00 AM,,T,,R,,,,MUS,BKSFLD
1024,31827,4,1/24/2022,5/20/2022,11:30:00 AM,12:45:00 PM,,T,,R,,,,MUS,BKSFLD
1036,32085,11,1/24/2022,5/20/2022,10:00:00 AM,10:50:00 AM,M,,W,,,,,SRC,BKSFLD
1037,32088,6,1/24/2022,5/20/2022,10:00:00 AM,10:50:00 AM,,T,,R,,,,PEFLDS,BKSFLD
1038,31611,23,1/24/2022,5/20/2022,2:30:00 PM,4:10:00 PM,,T,,,,,,EDUC,BKSFLD
1039,31612,23,1/24/2022,5/20/2022,2:30:00 PM,4:10:00 PM,,,,R,,,,EDUC,BKSFLD
1040,31658,35,1/24/2022,5/20/2022,8:00:00 AM,8:50:00 AM,M,,W,,,,,EDUC,BKSFLD
1041,31659,15,1/24/2022,5/20/2022,8:00:00 AM,9:40:00 AM,,,,,F,,,EDUC,BKSFLD
1042,31661,20,1/24/2022,5/20/2022,10:00:00 AM,11:40:00 AM,,,,,F,,,EDUC,BKSFLD
1043,31663,25,1/24/2022,5/20/2022,1:00:00 PM,1:50:00 PM,M,,W,,,,,EDUC,BKSFLD
1044,31664,13,1/24/2022,5/20/2022,2:30:00 PM,4:10:00 PM,M,,,,,,,EDUC,BKSFLD
1045,31665,12,1/24/2022,5/20/2022,2:30:00 PM,4:10:00 PM,,,W,,,,,EDUC,BKSFLD
1053,31440,19,1/24/2022,5/20/2022,10:00:00 AM,12:30:00 PM,,,W,,,,,SCI II,BKSFLD
1054,31593,11,1/24/2022,5/20/2022,10:00:00 AM,12:30:00 PM,M,,,,,,,SCI II,BKSFLD
1056,31509,22,1/24/2022,5/20/2022,10:00:00 AM,10:50:00 AM,,,,,F,,,VA,BKSFLD
1057,31510,22,1/24/2022,5/20/2022,10:51:00 AM,2:10:00 PM,,,,,F,,,VA,BKSFLD
1058,31575,14,1/24/2022,5/20/2022,1:00:00 PM,1:50:00 PM,M,,,,,,,VA,BKSFLD
1059,31581,14,1/24/2022,5/20/2022,1:51:00 PM,5:10:00 PM,M,,,,,,,VA,BKSFLD
1060,31719,15,1/24/2022,5/20/2022,1:00:00 PM,1:50:00 PM,,,W,,,,,VA,BKSFLD
1061,31720,15,1/24/2022,5/20/2022,1:51:00 PM,5:10:00 PM,,,W,,,,,VA,BKSFLD
1076,31831,21,1/24/2022,5/20/2022,7:00:00 PM,9:30:00 PM,,,W,,,,,SCI II,BKSFLD
1077,31863,25,1/24/2022,5/20/2022,7:00:00 PM,9:30:00 PM,,T,,,,,,SCI III,BKSFLD
1092,32630,1,1/24/2022,5/20/2022,10:00:00 AM,12:30:00 PM,,,,,F,,,SCI II,BKSFLD
1093,32632,1,1/24/2022,5/20/2022,12:30:00 PM,3:00:00 PM,,,,,F,,,SCI II,BKSFLD
1094,31591,5,1/24/2022,5/20/2022,1:00:00 PM,2:15:00 PM,M,,W,,,,,EDUC,BKSFLD
1095,31616,16,1/24/2022,5/20/2022,6:00:00 PM,6:50:00 PM,M,,W,,,,,EDUC,BKSFLD
1096,31617,11,1/24/2022,5/20/2022,4:00:00 PM,5:40:00 PM,M,,,,,,,PE,BKSFLD
1097,31618,5,1/24/2022,5/20/2022,4:00:00 PM,5:40:00 PM,,,W,,,,,PE,BKSFLD
1098,31686,15,1/24/2022,5/20/2022,1:00:00 PM,2:15:00 PM,,T,,R,,,,EDUC,BKSFLD
1099,31687,10,1/24/2022,5/20/2022,2:30:00 PM,5:00:00 PM,,T,,,,,,SCI I,BKSFLD
1100,31688,5,1/24/2022,5/20/2022,2:30:00 PM,5:00:00 PM,,,,R,,,,SCI I,BKSFLD
1110,31386,19,1/24/2022,5/20/2022,1:00:00 PM,3:30:00 PM,,T,,R,,,,SCI II,BKSFLD
1111,31388,20,1/24/2022,5/20/2022,10:00:00 AM,12:30:00 PM,M,,W,,,,,SCI II,BKSFLD
1112,31753,39,1/24/2022,5/20/2022,7:00:00 PM,8:40:00 PM,M,,,,,,,DDH,BKSFLD
1113,31756,15,1/24/2022,5/20/2022,7:00:00 PM,8:40:00 PM,,,W,,,,,SCI III,BKSFLD
1114,32331,15,1/24/2022,5/20/2022,4:00:00 PM,6:30:00 PM,,,W,,,,,SCI II,BKSFLD
1115,32335,25,1/24/2022,5/20/2022,4:00:00 PM,6:30:00 PM,M,,,,,,,SCI II,BKSFLD
1116,33105,1,3/21/2022,5/20/2022,6:00:00 PM,9:00:00 PM,M,,W,,,,,EXTU,EBKS
1136,32460,6,1/24/2022,5/20/2022,10:00:00 AM,11:50:00 AM,,,,,F,,,DDH,BKSFLD
1140,31932,26,1/24/2022,5/20/2022,11:30:00 AM,12:20:00 PM,,T,,,,,,DDH,BKSFLD
1141,31933,4,1/24/2022,5/20/2022,11:30:00 AM,12:20:00 PM,,,,R,,,,DDH,BKSFLD
1143,31974,35,1/24/2022,5/20/2022,10:00:00 AM,11:15:00 AM,,T,,R,,,,BDC,BKSFLD
1144,31986,39,1/24/2022,5/20/2022,2:30:00 PM,3:45:00 PM,,T,,R,,,,BDC,BKSFLD
1156,32043,9,1/24/2022,5/20/2022,7:00:00 PM,8:15:00 PM,M,,W,,,,,SCI III,BKSFLD
1158,31725,8,1/24/2022,5/20/2022,4:00:00 PM,5:15:00 PM,,T,,R,,,,MUS,BKSFLD
1160,31757,5,1/24/2022,5/20/2022,5:30:00 PM,6:45:00 PM,,T,,R,,,,MUS,BKSFLD
1162,32076,18,1/24/2022,5/20/2022,8:00:00 AM,8:50:00 AM,M,,W,,,,,SRC,BKSFLD
1163,32078,27,1/24/2022,5/20/2022,9:00:00 AM,9:50:00 AM,M,,W,,,,,SRC,BKSFLD
1164,32079,30,1/24/2022,5/20/2022,10:00:00 AM,10:50:00 AM,M,,W,,,,,SRC,BKSFLD
1169,32120,10,1/24/2022,5/20/2022,7:00:00 PM,9:50:00 PM,,,,R,,,,RNEC,BKSFLD
1173,32813,12,1/24/2022,5/20/2022,5:20:00 PM,7:00:00 PM,,,W,,,,,SCI III,BKSFLD
1183,32382,8,1/24/2022,5/20/2022,2:30:00 PM,3:45:00 PM,M,,W,,,,,DT,BKSFLD
1185,32383,6,1/24/2022,5/20/2022,4:00:00 PM,5:15:00 PM,M,,W,,,,,DT,BKSFLD
1187,32572,1,1/24/2022,5/20/2022,2:30:00 PM,3:45:00 PM,,T,,R,,,,DT,BKSFLD
1189,32573,6,1/24/2022,5/20/2022,4:00:00 PM,5:15:00 PM,,T,,R,,,,DT,BKSFLD
1191,32574,10,1/24/2022,5/20/2022,5:30:00 PM,6:45:00 PM,,T,,R,,,,DT,BKSFLD
1223,31959,1,1/25/2022,1/25/2022,5:30:00 PM,8:00:00 PM,,T,,,,,,CSUB-AV,AV
1224,31959,1,2/8/2022,2/8/2022,5:30:00 PM,8:00:00 PM,,T,,,,,,CSUB-AV,AV
1225,31959,1,2/22/2022,2/22/2022,5:30:00 PM,8:00:00 PM,,T,,,,,,CSUB-AV,AV
1226,31959,1,3/1/2022,3/1/2022,5:30:00 PM,8:00:00 PM,,T,,,,,,CSUB-AV,AV
1227,31959,1,3/15/2022,3/15/2022,5:30:00 PM,8:00:00 PM,,T,,,,,,CSUB-AV,AV
1228,31959,1,3/22/2022,3/22/2022,5:30:00 PM,8:00:00 PM,,T,,,,,,CSUB-AV,AV
1229,31959,1,4/5/2022,4/5/2022,5:30:00 PM,8:00:00 PM,,T,,,,,,CSUB-AV,AV
1230,31959,1,4/26/2022,4/26/2022,5:30:00 PM,8:00:00 PM,,T,,,,,,CSUB-AV,AV
1231,31959,1,5/3/2022,5/3/2022,5:30:00 PM,8:00:00 PM,,T,,,,,,CSUB-AV,AV
1239,31704,27,1/24/2022,5/20/2022,9:00:00 AM,9:50:00 AM,M,,W,,F,,,BDC,BKSFLD
1240,31749,41,1/24/2022,5/20/2022,2:30:00 PM,3:45:00 PM,M,,W,,,,,DDH,BKSFLD
1241,31817,12,1/24/2022,5/20/2022,1:00:00 PM,2:15:00 PM,M,,W,,,,,BDC,BKSFLD
1243,31890,13,1/24/2022,5/20/2022,5:30:00 PM,6:45:00 PM,,T,,R,,,,MUS,BKSFLD
1261,32764,21,1/24/2022,5/20/2022,4:00:00 PM,5:15:00 PM,,T,,R,,,,SCI III,BKSFLD
1262,32765,21,1/24/2022,5/20/2022,1:00:00 PM,3:30:00 PM,,T,,,,,,SCI III,BKSFLD
1263,32783,45,1/24/2022,5/20/2022,4:00:00 PM,5:15:00 PM,M,,W,,,,,SCI II,BKSFLD
1264,32791,24,1/24/2022,5/20/2022,1:00:00 PM,2:15:00 PM,M,,W,,,,,DDH,BKSFLD
1265,32792,24,1/24/2022,5/20/2022,10:00:00 AM,12:30:00 PM,M,,,,,,,SCI I,BKSFLD
1266,31662,19,1/24/2022,5/20/2022,2:30:00 PM,3:45:00 PM,,T,,R,,,,DDH,BKSFLD
1267,31736,15,1/24/2022,5/20/2022,10:00:00 AM,10:50:00 AM,,T,,R,,,,VA,BKSFLD
1268,31737,15,1/24/2022,5/20/2022,10:51:00 AM,12:05:00 PM,,T,,R,,,,VA,BKSFLD
1269,31738,3,1/24/2022,5/20/2022,8:30:00 AM,9:45:00 AM,,T,,R,,,,VA,BKSFLD
1270,31319,12,1/24/2022,5/20/2022,5:30:00 PM,8:00:00 PM,,T,,,,,,DDH,BKSFLD
1271,31321,12,1/24/2022,5/20/2022,4:00:00 PM,6:00:00 PM,,,W,,,,,DDH,BKSFLD
1272,31325,3,1/24/2022,5/20/2022,5:30:00 PM,7:30:00 PM,M,,,,,,,EDUC,BKSFLD
1273,31337,13,1/24/2022,5/20/2022,,,,,,,,,,EDUC,BKSFLD
1277,32250,16,1/24/2022,5/20/2022,11:45:00 AM,12:35:00 PM,,,,R,,,,SCI III,BKSFLD
1278,32250,16,1/24/2022,5/20/2022,11:45:00 AM,1:25:00 PM,,T,,,,,,SCI III,BKSFLD
1280,33073,16,1/24/2022,5/20/2022,12:35:00 PM,1:25:00 PM,,,,R,,,,SCI III,BKSFLD
1285,33103,6,1/24/2022,4/1/2022,6:00:00 PM,8:00:00 PM,,T,,R,,,,DDH,EBKS
1289,31419,17,1/24/2022,5/20/2022,7:00:00 PM,9:30:00 PM,,T,,R,,,,SCI II,BKSFLD
1291,31598,22,1/24/2022,5/20/2022,9:00:00 AM,9:50:00 AM,M,,W,,,,,DDH,BKSFLD
1292,31599,22,1/24/2022,5/20/2022,12:00:00 PM,12:50:00 PM,M,,W,,,,,DDH,BKSFLD
1293,33134,6,1/24/2022,5/20/2022,1:00:00 PM,1:50:00 PM,,T,,R,,,,SCI II,BKSFLD
1294,33133,1,1/24/2022,5/20/2022,2:30:00 PM,3:20:00 PM,,,W,,,,,SCI III,BKSFLD
1299,31642,22,1/24/2022,5/20/2022,11:30:00 AM,12:45:00 PM,,T,,R,,,,EDUC,BKSFLD
1300,31643,12,1/24/2022,5/20/2022,7:20:00 AM,9:50:00 AM,,T,,,,,,EDUC,BKSFLD
1301,31643,12,1/24/2022,5/20/2022,7:20:00 AM,9:50:00 AM,,T,,,,,,EDUC,BKSFLD
1302,31644,10,1/24/2022,5/20/2022,7:20:00 AM,9:50:00 AM,,,,R,,,,EDUC,BKSFLD
1303,31644,10,1/24/2022,5/20/2022,7:20:00 AM,9:50:00 AM,,,,R,,,,EDUC,BKSFLD
1304,31609,17,1/24/2022,5/20/2022,9:00:00 AM,9:50:00 AM,M,,W,,F,,,EDUC,BKSFLD
1307,31345,4,1/24/2022,5/20/2022,2:30:00 PM,3:45:00 PM,,T,,,,,,MUS,BKSFLD
1308,31346,2,1/24/2022,5/20/2022,2:30:00 PM,3:45:00 PM,,T,,,,,,MUS,BKSFLD
1311,31941,23,1/24/2022,5/20/2022,5:30:00 PM,6:45:00 PM,M,,W,,,,,BDC,BKSFLD
1312,31944,13,1/24/2022,5/20/2022,7:00:00 PM,8:15:00 PM,,T,,R,,,,BDC,BKSFLD
1313,31833,11,1/24/2022,5/20/2022,7:00:00 PM,8:15:00 PM,M,,W,,,,,WSL,BKSFLD
1314,31834,7,1/24/2022,5/20/2022,7:00:00 PM,8:15:00 PM,M,,W,,,,,CSUB-AV,AV
1316,31031,7,1/24/2022,5/20/2022,7:30:00 AM,9:30:00 AM,,,W,,,,,SCI II,BKSFLD
1318,31032,7,1/24/2022,5/20/2022,10:00:00 AM,12:00:00 PM,,,W,,,,,SCI II,BKSFLD
1320,31033,8,1/24/2022,5/20/2022,1:00:00 PM,3:00:00 PM,,,W,,,,,SCI II,BKSFLD
1322,31035,8,1/24/2022,5/20/2022,3:30:00 PM,5:30:00 PM,,,W,,,,,SCI II,BKSFLD
1323,31036,55,1/24/2022,5/20/2022,10:00:00 AM,10:50:00 AM,M,,,,,,,RNEC,BKSFLD
1329,32762,17,1/24/2022,5/20/2022,11:30:00 AM,12:45:00 PM,,T,,R,,,,SCI II,BKSFLD
1330,32763,17,1/24/2022,5/20/2022,1:00:00 PM,3:30:00 PM,,,,R,,,,SCI III,BKSFLD
1331,32793,14,1/24/2022,5/20/2022,2:30:00 PM,3:45:00 PM,M,,W,,,,,SCI III,BKSFLD
1332,32794,14,1/24/2022,5/20/2022,4:00:00 PM,6:30:00 PM,,,,R,,,,SCI I,BKSFLD
1336,32101,8,1/24/2022,5/20/2022,8:30:00 AM,9:45:00 AM,,T,,R,,,,SCI III,BKSFLD
1338,32110,8,1/24/2022,5/20/2022,9:00:00 AM,9:50:00 AM,M,,,,,,,SCI III,BKSFLD
1340,32119,4,1/24/2022,5/20/2022,10:00:00 AM,11:15:00 AM,,T,,R,,,,SCI III,BKSFLD
1342,32126,4,1/24/2022,5/20/2022,10:00:00 AM,10:50:00 AM,M,,,,,,,SCI III,BKSFLD
1344,32195,9,1/24/2022,5/20/2022,1:00:00 PM,1:50:00 PM,M,,,,,,,SCI III,BKSFLD
1345,32195,9,1/24/2022,5/20/2022,1:00:00 PM,2:15:00 PM,,T,,R,,,,SCI III,BKSFLD
1348,32497,13,1/24/2022,5/20/2022,8:30:00 AM,9:45:00 AM,,T,,R,,,,DDH,BKSFLD
1349,32495,13,1/24/2022,5/20/2022,7:00:00 AM,8:15:00 AM,,T,,R,,,,DDH,BKSFLD
1356,32582,9,1/24/2022,5/20/2022,9:00:00 AM,9:50:00 AM,M,,W,,F,,,DDH,BKSFLD
1358,32592,15,1/24/2022,5/20/2022,10:00:00 AM,10:50:00 AM,M,,W,,F,,,DDH,BKSFLD
1362,31439,30,1/24/2022,5/20/2022,10:00:00 AM,10:50:00 AM,,T,,R,,,,DDH,BKSFLD
1363,31739,7,1/24/2022,5/20/2022,11:30:00 AM,12:20:00 PM,,T,,,,,,SCI III,BKSFLD
1364,31741,3,1/24/2022,5/20/2022,8:30:00 AM,9:20:00 AM,M,,,,,,,SCI II,BKSFLD
1365,31743,6,1/24/2022,5/20/2022,1:00:00 PM,1:50:00 PM,M,,W,,,,,SCI III,BKSFLD
1367,31107,0,1/24/2022,5/20/2022,5:30:00 PM,8:00:00 PM,,T,,,,,,EDUC,BKSFLD
1369,31110,3,1/24/2022,5/20/2022,5:30:00 PM,8:00:00 PM,,,W,,,,,EDUC,BKSFLD
1382,32490,24,1/24/2022,5/20/2022,1:00:00 PM,2:15:00 PM,M,,W,,,,,HUM,BKSFLD
1383,32080,30,1/24/2022,5/20/2022,11:00:00 AM,11:50:00 AM,M,,W,,,,,SRC,BKSFLD
1384,32081,24,1/24/2022,5/20/2022,12:00:00 PM,12:50:00 PM,M,,W,,,,,SRC,BKSFLD
1385,32084,12,1/24/2022,5/20/2022,10:00:00 AM,10:50:00 AM,,T,,R,,,,SRC,BKSFLD
1386,32087,6,1/24/2022,5/20/2022,8:30:00 AM,9:20:00 AM,,T,,R,,,,SRC,BKSFLD
1387,31392,17,1/24/2022,5/20/2022,5:30:00 PM,8:00:00 PM,M,,,,,,,WSL,BKSFLD
1391,32633,30,1/24/2022,5/20/2022,4:00:00 PM,5:15:00 PM,M,,W,,,,,SCI III,BKSFLD
1393,32206,8,1/24/2022,5/20/2022,8:00:00 AM,8:50:00 AM,,,W,,,,,SCI III,BKSFLD
1394,32206,8,1/24/2022,5/20/2022,8:00:00 AM,9:40:00 AM,M,,,,,,,SCI III,BKSFLD
1396,32207,8,1/24/2022,5/20/2022,8:50:00 AM,9:40:00 AM,,,W,,,,,SCI III,BKSFLD
1398,32218,11,1/24/2022,5/20/2022,9:00:00 AM,9:50:00 AM,,,,,F,,,SCI III,BKSFLD
1400,32219,11,1/24/2022,5/20/2022,9:50:00 AM,10:40:00 AM,,,,,F,,,SCI III,BKSFLD
1402,32224,25,1/24/2022,5/20/2022,8:00:00 AM,9:40:00 AM,,T,,R,,,,SCI III,BKSFLD
1404,32784,80,1/24/2022,5/20/2022,4:00:00 PM,5:15:00 PM,,T,,R,,,,BDC,BKSFLD
1405,32785,24,1/24/2022,5/20/2022,1:00:00 PM,3:30:00 PM,,T,,,,,,SCI I,BKSFLD
1406,32786,20,1/24/2022,5/20/2022,1:00:00 PM,3:30:00 PM,,,,R,,,,SCI I,BKSFLD
1407,32787,24,1/24/2022,5/20/2022,1:00:00 PM,3:30:00 PM,M,,,,,,,SCI I,BKSFLD
1408,32808,2,1/24/2022,5/20/2022,4:00:00 PM,4:50:00 PM,M,,,,,,,SCI III,BKSFLD
1409,31132,0,1/24/2022,5/20/2022,1:00:00 PM,3:30:00 PM,,,,R,,,,EDUC,BKSFLD
1436,31926,16,1/24/2022,5/20/2022,1:00:00 PM,2:15:00 PM,M,,W,,,,,BDC,BKSFLD
1437,31935,13,1/24/2022,5/20/2022,4:00:00 PM,5:15:00 PM,M,,W,,,,,BDC,BKSFLD
1438,31927,17,1/24/2022,5/20/2022,2:30:00 PM,3:45:00 PM,M,,W,,,,,BDC,BKSFLD
1444,32941,3,1/24/2022,5/20/2022,10:00:00 AM,3:00:00 PM,,,W,,,,,DDH,BKSFLD
1450,32972,15,1/24/2022,5/20/2022,4:00:00 PM,5:15:00 PM,,T,,R,,,,EC II,BKSFLD
1452,32981,10,1/24/2022,5/20/2022,2:00:00 PM,3:40:00 PM,M,,,,,,,EC II,BKSFLD
1454,31915,11,1/24/2022,5/20/2022,4:00:00 PM,5:15:00 PM,M,,W,,,,,EDUC,BKSFLD
1457,31610,14,1/24/2022,5/20/2022,2:30:00 PM,3:45:00 PM,,T,,R,,,,EDUC,BKSFLD
1459,32362,9,1/24/2022,5/20/2022,9:00:00 AM,9:50:00 AM,,,W,,,,,SCI III,BKSFLD
1460,32363,9,1/24/2022,5/20/2022,10:00:00 AM,11:40:00 AM,,,W,,,,,SCI III,BKSFLD
1462,32369,4,1/24/2022,5/20/2022,9:00:00 AM,10:40:00 AM,,T,,,,,,SCI III,BKSFLD
1463,32370,2,1/24/2022,5/20/2022,11:00:00 AM,12:40:00 PM,,T,,,,,,SCI III,BKSFLD
1464,32990,7,1/24/2022,5/20/2022,1:00:00 PM,1:50:00 PM,,,W,,,,,SCI II,BKSFLD
1466,32344,11,1/24/2022,5/20/2022,1:00:00 PM,3:30:00 PM,M,,,,,,,EC II,BKSFLD
1467,32345,13,1/24/2022,5/20/2022,10:00:00 AM,12:30:00 PM,,,,,F,,,EC II,BKSFLD
1468,32982,9,1/24/2022,5/20/2022,9:00:00 AM,9:50:00 AM,,,W,,,,,SCI III,BKSFLD
1469,32983,9,1/24/2022,5/20/2022,10:00:00 AM,11:40:00 AM,,,W,,,,,SCI III,BKSFLD
1471,32985,8,1/24/2022,5/20/2022,9:00:00 AM,10:40:00 AM,,T,,,,,,SCI III,BKSFLD
1472,32986,7,1/24/2022,5/20/2022,11:00:00 AM,12:40:00 PM,,T,,,,,,SCI III,BKSFLD
1473,32987,15,1/24/2022,5/20/2022,1:00:00 PM,1:50:00 PM,,,W,,,,,SCI II,BKSFLD
1482,32239,8,1/24/2022,5/20/2022,1:00:00 PM,2:15:00 PM,M,,W,,,,,DDH,BKSFLD
1483,32241,11,1/24/2022,5/20/2022,2:30:00 PM,3:45:00 PM,M,,W,,,,,DDH,BKSFLD
1495,31864,7,1/24/2022,5/20/2022,8:00:00 AM,8:50:00 AM,M,,W,,F,,,DDH,BKSFLD
1496,31913,6,1/24/2022,5/20/2022,8:30:00 PM,9:45:00 PM,M,,W,,,,,DDH,BKSFLD
1497,31940,17,1/24/2022,5/20/2022,10:00:00 AM,10:50:00 AM,M,,W,,F,,,DDH,BKSFLD
1498,31942,44,1/24/2022,5/20/2022,8:30:00 AM,9:45:00 AM,,T,,R,,,,DDH,BKSFLD
1499,31975,33,1/24/2022,5/20/2022,8:30:00 PM,9:45:00 PM,,T,,R,,,,BDC,BKSFLD
1506,32167,3,1/24/2022,5/20/2022,2:00:00 PM,3:40:00 PM,M,,W,,F,,,SCI III,BKSFLD
1507,32174,6,1/24/2022,5/20/2022,11:30:00 AM,12:45:00 PM,,T,,R,,,,SCI III,BKSFLD
1508,32175,6,1/24/2022,5/20/2022,12:00:00 PM,12:50:00 PM,M,,,,,,,SCI III,BKSFLD
1509,32176,7,1/24/2022,5/20/2022,10:00:00 AM,11:15:00 AM,,T,,R,,,,SCI III,BKSFLD
1510,32177,7,1/24/2022,5/20/2022,10:00:00 AM,10:50:00 AM,M,,,,,,,SCI III,BKSFLD
1511,32010,19,1/24/2022,5/20/2022,5:30:00 PM,6:45:00 PM,M,,W,,,,,SCI III,BKSFLD
1512,32011,19,1/24/2022,5/20/2022,7:00:00 PM,8:15:00 PM,M,,W,,,,,SCI III,BKSFLD
1515,32053,35,1/24/2022,5/20/2022,5:30:00 PM,6:45:00 PM,,T,,R,,,,SCI III,BKSFLD
1516,32054,35,1/24/2022,5/20/2022,7:00:00 PM,8:15:00 PM,,T,,R,,,,SCI III,BKSFLD
1538,31785,13,1/24/2022,5/20/2022,5:45:00 PM,8:15:00 PM,,T,,,,,,BDC,BKSFLD
1540,31541,0,1/24/2022,5/20/2022,5:30:00 PM,8:00:00 PM,,,,R,,,,EDUC,BKSFLD
1542,31545,1,1/24/2022,5/20/2022,5:30:00 PM,8:00:00 PM,,,,R,,,,EDUC,BKSFLD
1544,31560,1,1/24/2022,5/20/2022,5:30:00 PM,8:00:00 PM,,,,R,,,,EDUC,BKSFLD
1546,31568,0,1/24/2022,5/20/2022,5:30:00 PM,8:00:00 PM,,,,R,,,,EDUC,BKSFLD
1548,31572,0,1/24/2022,5/20/2022,5:30:00 PM,8:00:00 PM,,,,R,,,,EDUC,BKSFLD
1550,31578,1,1/24/2022,5/20/2022,5:30:00 PM,8:00:00 PM,,,,R,,,,EDUC,BKSFLD
1552,31972,35,1/24/2022,5/20/2022,7:00:00 PM,8:15:00 PM,M,,W,,,,,BDC,BKSFLD
1553,31973,23,1/24/2022,5/20/2022,8:30:00 PM,9:45:00 PM,M,,W,,,,,BDC,BKSFLD
1554,32920,10,1/24/2022,5/20/2022,5:30:00 PM,6:45:00 PM,,T,,R,,,,DDH,BKSFLD
1555,31841,7,1/24/2022,5/20/2022,8:30:00 PM,9:45:00 PM,,T,,R,,,,WSL,BKSFLD
1561,31928,45,1/24/2022,5/20/2022,2:30:00 PM,3:45:00 PM,M,,W,,,,,DLC,BKSFLD
1562,32009,15,1/24/2022,5/20/2022,4:00:00 PM,5:15:00 PM,,T,,R,,,,BDC,BKSFLD
1574,32247,3,1/24/2022,5/20/2022,2:30:00 PM,3:45:00 PM,M,,W,,,,,DDH,BKSFLD
1575,32249,1,1/24/2022,5/20/2022,5:30:00 PM,6:45:00 PM,,T,,R,,,,DDH,BKSFLD
1576,31660,4,1/24/2022,5/20/2022,5:55:00 PM,6:45:00 PM,M,,W,,,,,MUS,BKSFLD
1577,31414,28,1/24/2022,5/20/2022,5:30:00 PM,8:00:00 PM,M,,,,,,,EDUC,BKSFLD
1578,32437,12,1/24/2022,5/20/2022,11:00:00 AM,11:50:00 AM,M,,W,,F,,,DT,BKSFLD
1579,32440,8,1/24/2022,5/20/2022,12:00:00 PM,12:50:00 PM,M,,W,,F,,,MUS,BKSFLD
1581,32441,5,1/24/2022,5/20/2022,1:00:00 PM,2:15:00 PM,,T,,R,,,,DT,BKSFLD
1582,32445,3,1/24/2022,5/20/2022,11:30:00 AM,12:45:00 PM,,,,R,,,,DT,BKSFLD
1584,32755,3,1/24/2022,5/20/2022,7:00:00 PM,10:00:00 PM,M,T,W,R,,,,DT,BKSFLD
1585,32767,1,1/24/2022,5/20/2022,7:00:00 PM,10:00:00 PM,M,T,W,R,,,,DT,BKSFLD
1588,31924,45,1/24/2022,5/20/2022,7:00:00 PM,8:15:00 PM,M,,W,,,,,DDH,BKSFLD
1589,31925,20,1/24/2022,5/20/2022,8:30:00 PM,9:45:00 PM,M,,W,,,,,BDC,BKSFLD
1591,32805,13,1/24/2022,5/20/2022,11:30:00 AM,12:45:00 PM,,T,,R,,,,SCI I,BKSFLD
1592,32806,13,1/24/2022,5/20/2022,1:00:00 PM,3:30:00 PM,,,,R,,,,SCI I,BKSFLD
1593,32810,6,1/24/2022,5/20/2022,12:00:00 PM,12:50:00 PM,M,,W,,,,,SCI II,BKSFLD
1598,31696,2,1/24/2022,5/20/2022,4:00:00 PM,6:30:00 PM,,,W,,,,,CSUB-AV,AV
1625,32709,116,1/24/2022,5/20/2022,2:30:00 PM,3:45:00 PM,,T,,R,,,,BDC,BKSFLD
1626,32712,24,1/24/2022,5/20/2022,10:00:00 AM,12:30:00 PM,M,,,,,,,SCI I,BKSFLD
1627,32714,24,1/24/2022,5/20/2022,10:00:00 AM,12:30:00 PM,,,W,,,,,SCI I,BKSFLD
1628,32716,24,1/24/2022,5/20/2022,4:00:00 PM,6:30:00 PM,,T,,,,,,SCI I,BKSFLD
1629,32727,24,1/24/2022,5/20/2022,4:00:00 PM,6:30:00 PM,,,W,,,,,SCI I,BKSFLD
1630,32782,52,1/24/2022,5/20/2022,2:30:00 PM,3:45:00 PM,M,,W,,,,,SCI II,BKSFLD
1637,31845,32,1/24/2022,5/20/2022,4:00:00 PM,5:15:00 PM,,T,,R,,,,BDC,BKSFLD
1638,31846,32,1/24/2022,5/20/2022,5:15:00 PM,6:45:00 PM,,T,,R,,,,BDC,BKSFLD
1639,31847,9,1/24/2022,5/20/2022,7:00:00 PM,8:15:00 PM,,T,,R,,,,BDC,BKSFLD
1640,31848,9,1/24/2022,5/20/2022,8:15:00 PM,9:45:00 PM,,T,,R,,,,BDC,BKSFLD
1641,31204,2,1/24/2022,5/20/2022,5:30:00 PM,6:45:00 PM,M,,W,,,,,DDH,BKSFLD
1642,31963,44,1/24/2022,5/20/2022,2:30:00 PM,3:45:00 PM,M,,W,,,,,BDC,BKSFLD
1643,31964,44,1/24/2022,5/20/2022,5:30:00 PM,6:45:00 PM,M,,W,,,,,BDC,BKSFLD
1644,31965,44,1/24/2022,5/20/2022,10:00:00 AM,11:15:00 AM,,T,,R,,,,BDC,BKSFLD
1645,31966,44,1/24/2022,5/20/2022,1:00:00 PM,2:15:00 PM,,T,,R,,,,BDC,BKSFLD
1653,32795,7,1/24/2022,5/20/2022,8:30:00 AM,9:45:00 AM,,T,,R,,,,SCI III,BKSFLD
1654,32797,7,1/24/2022,5/20/2022,10:00:00 AM,12:30:00 PM,,,,R,,,,SCI I,BKSFLD
1655,32819,24,1/24/2022,5/20/2022,2:30:00 PM,3:45:00 PM,,T,,R,,,,SCI III,BKSFLD
1656,31821,20,1/24/2022,5/20/2022,1:00:00 PM,2:15:00 PM,M,,W,,,,,DDH,BKSFLD
1657,31822,9,1/24/2022,5/20/2022,9:00:00 AM,11:30:00 AM,M,,,,,,,EDUC,BKSFLD
1658,31822,9,1/24/2022,5/20/2022,9:00:00 AM,11:30:00 AM,M,,,,,,,EDUC,BKSFLD
1659,31824,11,1/24/2022,5/20/2022,9:00:00 AM,11:30:00 AM,,,W,,,,,EDUC,BKSFLD
1660,31824,11,1/24/2022,5/20/2022,9:00:00 AM,11:30:00 AM,,,W,,,,,EDUC,BKSFLD
1661,31629,11,1/24/2022,5/20/2022,8:00:00 AM,8:50:00 AM,,,,,F,,,EDUC,BKSFLD
1663,31631,16,1/24/2022,5/20/2022,9:00:00 AM,9:50:00 AM,,,,,F,,,EDUC,BKSFLD
1665,31563,23,1/24/2022,5/20/2022,1:00:00 PM,1:50:00 PM,M,,W,,,,,EDUC,BKSFLD
1666,31768,10,1/24/2022,5/20/2022,5:30:00 PM,6:20:00 PM,,T,,R,,,,EDUC,BKSFLD
1667,31769,6,1/24/2022,5/20/2022,2:30:00 PM,3:50:00 PM,,T,,,,,,EDUC,BKSFLD
1668,31769,6,1/24/2022,5/20/2022,3:50:00 PM,5:00:00 PM,,T,,,,,,PE,BKSFLD
1669,31770,4,1/24/2022,5/20/2022,2:30:00 PM,3:50:00 PM,,,,R,,,,EDUC,BKSFLD
1670,31770,4,1/24/2022,5/20/2022,3:50:00 PM,5:00:00 PM,,,,R,,,,PE,BKSFLD
1671,31678,16,1/24/2022,5/20/2022,12:00:00 PM,12:50:00 PM,M,,W,,,,,DDH,BKSFLD
1672,31679,13,1/24/2022,5/20/2022,10:00:00 AM,11:40:00 AM,M,,,,,,,SRC,BKSFLD
1673,31680,3,1/24/2022,5/20/2022,10:00:00 AM,11:40:00 AM,,,W,,,,,SRC,BKSFLD
1685,32018,7,1/24/2022,5/20/2022,10:00:00 AM,12:30:00 PM,,,,,,S,,BDC,BKSFLD
1691,32320,35,1/24/2022,5/20/2022,8:30:00 AM,9:45:00 AM,,T,,R,,,,MUS,BKSFLD
1692,32388,35,1/24/2022,5/20/2022,1:00:00 PM,2:15:00 PM,,T,,R,,,,DDH,BKSFLD
1693,32400,35,1/24/2022,5/20/2022,2:30:00 PM,3:45:00 PM,,T,,R,,,,DDH,BKSFLD
1697,32193,20,1/24/2022,5/20/2022,5:30:00 PM,7:10:00 PM,M,,W,,,,,SCI III,BKSFLD
1698,31295,7,1/24/2022,5/20/2022,8:00:00 AM,8:50:00 AM,M,,W,,F,,,DDH,BKSFLD
1699,31297,26,1/24/2022,5/20/2022,8:30:00 AM,9:45:00 AM,,T,,R,,,,DDH,BKSFLD
1700,31301,4,1/24/2022,5/20/2022,10:00:00 AM,10:50:00 AM,M,,W,,F,,,DDH,BKSFLD
1701,31303,21,1/24/2022,5/20/2022,10:00:00 AM,11:15:00 AM,,T,,R,,,,DDH,BKSFLD
1702,31308,7,1/24/2022,5/20/2022,11:00:00 AM,11:50:00 AM,M,,W,,F,,,DDH,BKSFLD
1704,33101,1,1/24/2022,3/18/2022,6:00:00 PM,7:30:00 PM,,T,,R,,,,WSL,EBKS
1705,33102,2,1/24/2022,3/18/2022,6:00:00 PM,9:00:00 PM,M,,W,,,,,EXTU,EBKS
1706,31836,13,1/24/2022,5/20/2022,7:00:00 PM,8:15:00 PM,,T,,R,,,,WSL,BKSFLD
1707,31837,2,1/24/2022,5/20/2022,7:00:00 PM,8:15:00 PM,,T,,R,,,,CSUB-AV,AV
1708,31857,20,1/24/2022,5/20/2022,4:00:00 PM,5:15:00 PM,,T,,R,,,,WSL,BKSFLD
1709,31858,7,1/24/2022,5/20/2022,4:00:00 PM,5:15:00 PM,,T,,R,,,,CSUB-AV,AV
1710,32546,58,1/24/2022,5/20/2022,10:00:00 AM,10:50:00 AM,M,,W,,,,,BDC,BKSFLD
1711,32686,24,1/24/2022,5/20/2022,10:00:00 AM,12:30:00 PM,,T,,,,,,SCI I,BKSFLD
1712,32696,63,1/24/2022,5/20/2022,4:00:00 PM,5:15:00 PM,,T,,R,,,,BDC,BKSFLD
1713,32697,24,1/24/2022,5/20/2022,1:00:00 PM,3:30:00 PM,,T,,,,,,SCI I,BKSFLD
1714,32700,14,1/24/2022,5/20/2022,1:00:00 PM,3:30:00 PM,,,,R,,,,SCI I,BKSFLD
1715,33203,20,1/24/2022,5/20/2022,1:00:00 PM,3:30:00 PM,,,W,,,,,SCI I,BKSFLD
1716,32788,12,1/24/2022,5/20/2022,10:00:00 AM,12:30:00 PM,,,,,F,,,SCI I,BKSFLD
1724,32620,26,1/24/2022,5/20/2022,8:00:00 AM,8:50:00 AM,M,,W,,F,,,DDH,BKSFLD
1725,32656,21,1/24/2022,5/20/2022,1:00:00 PM,2:15:00 PM,M,,W,,,,,WSL,BKSFLD
1726,32928,15,1/24/2022,5/20/2022,10:00:00 AM,11:15:00 AM,M,,W,,,,,DDH,BKSFLD
1741,32837,5,1/24/2022,5/20/2022,2:30:00 PM,3:45:00 PM,M,,,,,,,MUS,BKSFLD
1743,32839,13,1/24/2022,5/20/2022,4:00:00 PM,5:15:00 PM,M,,,,,,,MUS,BKSFLD
1745,32844,12,1/24/2022,5/20/2022,5:30:00 PM,8:00:00 PM,,,W,,,,,MUS,BKSFLD
1747,31299,3,1/24/2022,5/20/2022,9:00:00 AM,9:50:00 AM,M,,W,,F,,,DDH,BKSFLD
1748,31300,4,1/24/2022,5/20/2022,10:00:00 AM,10:50:00 AM,M,,W,,F,,,DDH,BKSFLD
1749,31306,3,1/24/2022,5/20/2022,11:00:00 AM,11:50:00 AM,M,,W,,F,,,DDH,BKSFLD
1750,31311,4,1/24/2022,5/20/2022,12:00:00 PM,12:50:00 PM,M,,W,,F,,,DDH,BKSFLD
1751,31312,3,1/24/2022,5/20/2022,1:00:00 PM,1:50:00 PM,M,,W,,F,,,DDH,BKSFLD
1754,31495,1,1/24/2022,5/20/2022,4:00:00 PM,6:30:00 PM,,T,,,,,,DDH,BKSFLD
1759,31434,18,1/24/2022,5/20/2022,1:00:00 PM,3:30:00 PM,M,,W,,,,,SCI II,BKSFLD
1760,31435,10,1/24/2022,5/20/2022,4:00:00 PM,6:30:00 PM,M,,W,,,,,SCI II,BKSFLD
1761,31745,7,1/24/2022,5/20/2022,10:00:00 AM,12:30:00 PM,,T,,R,,,,SCI II,BKSFLD
1762,32541,0,1/24/2022,5/20/2022,1:00:00 PM,3:30:00 PM,,,,,F,,,SCI II,BKSFLD
1763,32330,14,1/24/2022,5/20/2022,1:00:00 PM,3:30:00 PM,,,,R,,,,SCI II,BKSFLD
1764,31943,3,1/24/2022,5/20/2022,5:30:00 PM,6:45:00 PM,M,,W,,,,,SCI II,BKSFLD
1765,31712,11,1/24/2022,5/20/2022,7:00:00 PM,8:15:00 PM,M,,W,,,,,BDC,BKSFLD
1766,32046,1,1/24/2022,5/20/2022,5:30:00 PM,6:45:00 PM,M,,W,,,,,DDH,BKSFLD
1832,33178,1,1/24/2022,5/20/2022,,,,,,,,,,SCI II,BKSFLD
1833,32606,11,1/24/2022,5/20/2022,10:00:00 AM,12:30:00 PM,,,,,F,,,SCI II,BKSFLD
1834,32623,11,1/24/2022,5/20/2022,12:30:00 PM,3:00:00 PM,,,,,F,,,SCI II,BKSFLD
1835,31582,22,1/24/2022,5/20/2022,11:00:00 AM,11:50:00 AM,M,,W,,,,,PE,BKSFLD
1836,32940,30,1/24/2022,5/20/2022,7:00:00 PM,8:15:00 PM,,T,,R,,,,EDUC,BKSFLD
1837,31865,24,1/24/2022,5/20/2022,7:00:00 PM,9:45:00 PM,M,,,,,,,DDH,BKSFLD
1838,31829,12,1/24/2022,5/20/2022,4:00:00 PM,6:45:00 PM,M,,,,,,,DDH,BKSFLD
1839,32037,20,1/29/2022,1/29/2022,9:00:00 AM,3:00:00 PM,,,,,,S,,BDC,BKSFLD
1840,32037,20,2/12/2022,2/12/2022,9:00:00 AM,3:00:00 PM,,,,,,S,,BDC,BKSFLD
1841,32037,20,2/26/2022,2/26/2022,9:00:00 AM,3:00:00 PM,,,,,,S,,BDC,BKSFLD
1842,32037,20,3/12/2022,3/12/2022,9:00:00 AM,3:00:00 PM,,,,,,S,,BDC,BKSFLD
1843,32037,20,3/26/2022,3/26/2022,9:00:00 AM,3:00:00 PM,,,,,,S,,BDC,BKSFLD
1844,32037,20,4/9/2022,4/9/2022,9:00:00 AM,3:00:00 PM,,,,,,S,,BDC,BKSFLD
1845,32037,20,4/23/2022,4/23/2022,9:00:00 AM,3:00:00 PM,,,,,,S,,BDC,BKSFLD
1846,32037,20,5/7/2022,5/7/2022,9:00:00 AM,3:00:00 PM,,,,,,S,,BDC,BKSFLD
1847,32003,11,1/24/2022,5/20/2022,5:45:00 PM,8:15:00 PM,,T,,,,,,DDH,BKSFLD
1848,31806,0,1/24/2022,5/20/2022,10:00:00 AM,11:15:00 AM,M,,W,,,,,BDC,BKSFLD
1849,31747,9,1/24/2022,5/20/2022,5:45:00 PM,8:15:00 PM,M,,,,,,,SCI III,BKSFLD
1850,31760,18,1/24/2022,5/20/2022,5:45:00 PM,8:15:00 PM,,,,R,,,,BDC,BKSFLD
1851,32578,35,1/24/2022,5/20/2022,8:30:00 AM,9:45:00 AM,,T,,R,,,,DDH,BKSFLD
1853,32612,29,1/24/2022,5/20/2022,2:30:00 PM,3:45:00 PM,,T,,R,,,,BDC,BKSFLD
1855,32615,25,1/24/2022,5/20/2022,4:00:00 PM,5:15:00 PM,,T,,R,,,,DDH,BKSFLD
1857,32717,6,1/24/2022,5/20/2022,10:00:00 AM,11:15:00 AM,,T,,,,,,DDH,BKSFLD
1863,31918,29,1/24/2022,5/20/2022,10:00:00 AM,11:15:00 AM,,T,,R,,,,BDC,BKSFLD
1864,31920,24,1/24/2022,5/20/2022,2:30:00 PM,3:45:00 PM,,T,,R,,,,DDH,BKSFLD
1865,31985,45,1/24/2022,5/20/2022,11:30:00 AM,12:45:00 PM,,T,,R,,,,BDC,BKSFLD
1866,31322,14,1/24/2022,5/20/2022,3:30:00 PM,6:00:00 PM,,,W,,,,,EDUC,BKSFLD
1867,31316,15,1/24/2022,5/20/2022,4:30:00 PM,7:00:00 PM,,T,,,,,,DDH,BKSFLD
1873,32643,30,1/24/2022,5/20/2022,5:30:00 PM,6:45:00 PM,,T,,,,,,DDH,BKSFLD
1882,32245,8,1/24/2022,5/20/2022,11:30:00 AM,12:45:00 PM,,T,,R,,,,DDH,BKSFLD
1883,32248,0,1/24/2022,5/20/2022,2:30:00 PM,3:45:00 PM,,T,,R,,,,DDH,BKSFLD
1886,31863,25,1/24/2022,5/20/2022,7:00:00 PM,9:30:00 PM,,T,,,,,,SCI III,BKSFLD
1888,33122,1,1/24/2022,3/18/2022,6:30:00 PM,9:00:00 PM,,T,,R,,,,EXTU,EUD
1889,33123,1,1/24/2022,3/18/2022,6:30:00 PM,9:30:00 PM,,,W,,,,,SCI I,EBKS
1890,33124,0,3/21/2022,5/20/2022,6:30:00 PM,9:00:00 PM,,T,,R,,,,EXTU,EUD
1891,33125,0,3/21/2022,5/20/2022,6:30:00 PM,9:30:00 PM,,,W,,,,,SCI I,EUD
1899,31296,4,1/24/2022,5/20/2022,8:30:00 AM,9:45:00 AM,,T,,R,,,,DDH,BKSFLD
1904,31807,26,1/24/2022,5/20/2022,9:00:00 AM,9:50:00 AM,M,,W,,F,,,DDH,BKSFLD
1905,31980,6,1/24/2022,5/20/2022,7:00:00 PM,8:15:00 PM,M,,W,,,,,DDH,BKSFLD
1906,31310,9,1/24/2022,5/20/2022,11:30:00 AM,12:45:00 PM,,T,,R,,,,DDH,BKSFLD
1907,31888,45,1/24/2022,5/20/2022,10:00:00 AM,11:15:00 AM,,T,,R,,,,MUS,BKSFLD
1908,31889,45,1/24/2022,5/20/2022,1:00:00 PM,2:15:00 PM,,T,,R,,,,MUS,BKSFLD
1909,31895,45,1/24/2022,5/20/2022,2:30:00 PM,3:45:00 PM,,T,,R,,,,MUS,BKSFLD
1910,32059,25,1/24/2022,5/20/2022,2:30:00 PM,3:45:00 PM,M,,W,,,,,SCI III,BKSFLD
1913,31713,7,1/24/2022,5/20/2022,8:30:00 PM,9:45:00 PM,M,,W,,,,,BDC,BKSFLD
1915,32944,12,1/24/2022,5/20/2022,10:00:00 AM,12:30:00 PM,M,,,,,,,EC II,BKSFLD
1916,32945,8,1/24/2022,5/20/2022,10:00:00 AM,12:30:00 PM,,T,,,,,,EC II,BKSFLD
1920,32878,0,1/24/2022,5/20/2022,10:00:00 AM,12:30:00 PM,M,,,,,,,EC II,BKSFLD
1921,32880,4,1/24/2022,5/20/2022,10:00:00 AM,12:30:00 PM,,T,,,,,,EC II,BKSFLD
1924,32815,8,1/24/2022,5/20/2022,4:00:00 PM,5:15:00 PM,M,,W,,,,,SCI III,BKSFLD
1925,32816,8,1/24/2022,5/20/2022,4:00:00 PM,6:30:00 PM,,T,,,,,,SCI III,BKSFLD
1932,32124,7,1/24/2022,5/20/2022,6:00:00 PM,9:00:00 PM,,,W,,,,,RNEC,BKSFLD
1934,32120,10,1/24/2022,5/20/2022,7:00:00 PM,9:50:00 PM,,,,R,,,,RNEC,BKSFLD
1948,31936,15,1/24/2022,5/20/2022,4:00:00 PM,5:15:00 PM,M,,W,,,,,CSUB-AV,AV
1955,31429,14,1/24/2022,5/20/2022,4:00:00 PM,6:30:00 PM,,T,,R,,,,SCI II,BKSFLD
1956,31430,4,1/24/2022,5/20/2022,1:00:00 PM,3:30:00 PM,M,,W,,,,,SCI II,BKSFLD
1957,31436,13,1/24/2022,5/20/2022,7:20:00 AM,9:50:00 AM,,T,,R,,,,SCI II,BKSFLD
1958,31742,3,1/24/2022,5/20/2022,7:20:00 AM,9:50:00 AM,,,W,,,,,SCI II,BKSFLD
1979,31256,21,1/24/2022,5/20/2022,2:30:00 PM,3:45:00 PM,,T,,R,,,,DDH,BKSFLD
1980,31282,12,1/24/2022,5/20/2022,5:30:00 PM,6:45:00 PM,,T,,R,,,,DDH,BKSFLD
1985,32748,0,1/24/2022,5/20/2022,11:30:00 AM,12:45:00 PM,,T,,,,,,DT,BKSFLD
1986,32482,12,1/24/2022,5/20/2022,2:30:00 PM,3:45:00 PM,,T,,R,,,,MUS,BKSFLD
1987,32753,4,1/24/2022,5/20/2022,7:00:00 PM,10:00:00 PM,M,T,W,R,,,,DT,BKSFLD
1988,32749,1,1/24/2022,5/20/2022,11:30:00 AM,12:45:00 PM,,T,,,,,,DT,BKSFLD
1989,32766,9,1/24/2022,5/20/2022,7:00:00 PM,10:00:00 PM,M,T,W,R,,,,DT,BKSFLD
1999,32567,21,1/24/2022,5/20/2022,4:00:00 PM,5:15:00 PM,M,,W,,,,,DT,BKSFLD
2001,32571,19,1/24/2022,5/20/2022,1:00:00 PM,2:15:00 PM,,T,,R,,,,DT,BKSFLD
2003,32579,1,1/24/2022,5/20/2022,8:30:00 AM,9:45:00 AM,,T,,R,,,,DT,BKSFLD
2005,32196,29,1/24/2022,5/20/2022,5:30:00 PM,7:10:00 PM,,T,,R,,,,SCI III,BKSFLD
2006,32204,20,1/24/2022,5/20/2022,5:30:00 PM,7:10:00 PM,,T,,,,,,SCI III,BKSFLD
2007,32204,20,1/24/2022,5/20/2022,5:30:00 PM,7:50:00 PM,,,,R,,,,SCI III,BKSFLD
2008,33106,6,1/24/2022,5/20/2022,6:00:00 PM,9:00:00 PM,M,,,,,,,DDH,EBKS
2038,31919,8,1/24/2022,5/20/2022,1:00:00 PM,2:15:00 PM,,T,,R,,,,DDH,BKSFLD
2046,32905,18,1/24/2022,5/20/2022,8:30:00 AM,9:45:00 AM,,T,,R,,,,EDUC,BKSFLD
2047,32183,13,1/24/2022,5/20/2022,10:00:00 AM,10:50:00 AM,M,,,,,,,SCI III,BKSFLD
2048,32183,13,1/24/2022,5/20/2022,10:00:00 AM,11:15:00 AM,,T,,R,,,,SCI III,BKSFLD
2052,31906,23,1/24/2022,5/20/2022,4:00:00 PM,5:15:00 PM,,T,,R,,,,DDH,BKSFLD
2053,31907,26,1/24/2022,5/20/2022,1:00:00 PM,2:15:00 PM,,T,,R,,,,EDUC,BKSFLD
2054,31908,21,1/24/2022,5/20/2022,1:00:00 PM,2:15:00 PM,M,,W,,,,,DDH,BKSFLD
2057,32001,18,1/24/2022,5/20/2022,1:00:00 PM,2:15:00 PM,,T,,R,,,,SCI III,BKSFLD
2058,32005,23,1/24/2022,5/20/2022,5:30:00 PM,6:45:00 PM,,T,,R,,,,DLC,BKSFLD
2061,32576,7,1/24/2022,5/20/2022,12:00:00 PM,12:50:00 PM,M,,W,,F,,,DDH,BKSFLD
2063,32609,17,1/24/2022,5/20/2022,1:00:00 PM,2:15:00 PM,,T,,R,,,,DDH,BKSFLD
2071,32124,7,1/24/2022,5/20/2022,6:00:00 PM,9:00:00 PM,,,W,,,,,RNEC,BKSFLD
2074,32285,9,1/24/2022,5/20/2022,1:00:00 PM,2:15:00 PM,M,,W,,,,,SCI III,BKSFLD
2075,32288,7,1/24/2022,5/20/2022,2:30:00 PM,3:45:00 PM,M,,W,,,,,SCI III,BKSFLD
2076,32290,12,1/24/2022,5/20/2022,4:00:00 PM,5:15:00 PM,M,,W,,,,,DDH,BKSFLD
2079,32685,24,1/24/2022,5/20/2022,10:00:00 AM,12:30:00 PM,,,W,,,,,SCI I,BKSFLD
2080,32703,25,1/24/2022,5/20/2022,10:00:00 AM,12:30:00 PM,,,,R,,,,SCI I,BKSFLD
2083,32188,22,1/24/2022,5/20/2022,11:30:00 AM,12:45:00 PM,,T,,R,,,,SCI III,BKSFLD
2084,32189,22,1/24/2022,5/20/2022,11:30:00 AM,12:20:00 PM,,,,,F,,,SCI III,BKSFLD
2085,33070,33,1/24/2022,5/20/2022,1:00:00 PM,2:15:00 PM,,T,,R,,,,SCI III,BKSFLD
2086,33071,33,1/24/2022,5/20/2022,1:00:00 PM,1:50:00 PM,M,,,,,,,SCI III,BKSFLD
2087,32194,5,1/24/2022,5/20/2022,10:00:00 AM,10:50:00 AM,,,,,F,,,SCI III,BKSFLD
2088,32194,5,1/24/2022,5/20/2022,10:00:00 AM,11:15:00 AM,M,,W,,,,,SCI III,BKSFLD
2089,32210,20,1/24/2022,5/20/2022,8:10:00 AM,9:50:00 AM,M,,W,,,,,SCI III,BKSFLD
2090,32235,2,1/24/2022,5/20/2022,4:00:00 PM,5:15:00 PM,,,,,F,,,SCI III,BKSFLD
2091,32222,10,1/24/2022,5/20/2022,10:00:00 AM,11:40:00 AM,M,,W,,,,,SCI III,BKSFLD
2092,31751,28,1/24/2022,5/20/2022,10:00:00 AM,11:15:00 AM,,T,,R,,,,SCI III,BKSFLD
2093,31754,22,1/24/2022,5/20/2022,2:30:00 PM,3:45:00 PM,,T,,R,,,,SCI III,BKSFLD
2094,31771,19,1/24/2022,5/20/2022,5:30:00 PM,6:45:00 PM,,T,,R,,,,BDC,BKSFLD
2096,32954,7,1/24/2022,5/20/2022,7:00:00 PM,7:25:00 PM,,T,,R,,,,SCI I,BKSFLD
2097,32955,7,1/24/2022,5/20/2022,7:25:00 PM,8:40:00 PM,,T,,R,,,,SCI I,BKSFLD
2098,32961,3,1/24/2022,5/20/2022,7:00:00 PM,9:30:00 PM,M,,,,,,,SCI II,BKSFLD
2100,32976,6,1/24/2022,5/20/2022,10:00:00 AM,12:30:00 PM,,T,,,,,,SCI II,BKSFLD
2101,32977,2,1/24/2022,5/20/2022,10:00:00 AM,12:30:00 PM,,,,R,,,,SCI II,BKSFLD
2102,32979,7,1/24/2022,5/20/2022,1:00:00 PM,2:40:00 PM,,T,,,,,,SCI II,BKSFLD
2104,32036,9,1/24/2022,5/20/2022,7:00:00 PM,8:15:00 PM,,,,R,,,,MUS,BKSFLD
2105,32040,4,1/24/2022,5/20/2022,4:00:00 PM,5:45:00 PM,M,,W,,,,,MUS,BKSFLD
2106,32090,5,1/24/2022,5/20/2022,6:30:00 PM,9:00:00 PM,,,W,,,,,MUS,BKSFLD
2107,32094,7,1/24/2022,5/20/2022,4:00:00 PM,5:45:00 PM,,T,,R,,,,MUS,BKSFLD
2108,32142,5,1/24/2022,5/20/2022,7:00:00 PM,8:15:00 PM,,,,R,,,,MUS,BKSFLD
2109,32145,4,1/24/2022,5/20/2022,4:00:00 PM,5:45:00 PM,M,,W,,,,,MUS,BKSFLD
2110,32146,2,1/24/2022,5/20/2022,6:30:00 PM,9:00:00 PM,,,W,,,,,MUS,BKSFLD
2111,32150,1,1/24/2022,5/20/2022,4:00:00 PM,5:45:00 PM,,T,,R,,,,MUS,BKSFLD
2112,31832,6,1/24/2022,5/20/2022,1:00:00 PM,2:15:00 PM,,T,,R,,,,MUS,BKSFLD
2122,32462,7,1/24/2022,5/20/2022,2:00:00 PM,2:50:00 PM,,T,,R,,,,DDH,BKSFLD
2124,32463,7,1/24/2022,5/20/2022,3:00:00 PM,3:50:00 PM,,T,,R,,,,DDH,BKSFLD
2126,31875,7,1/24/2022,5/20/2022,10:00:00 AM,11:15:00 AM,,T,,R,,,,SCI III,BKSFLD
2128,31876,7,1/24/2022,5/20/2022,10:00:00 AM,10:50:00 AM,,,,,F,,,SCI III,BKSFLD
2130,31877,4,1/24/2022,5/20/2022,11:30:00 AM,12:45:00 PM,,T,,R,,,,SCI III,BKSFLD
2132,31878,4,1/24/2022,5/20/2022,12:00:00 PM,12:50:00 PM,,,,,F,,,SCI III,BKSFLD
2134,31879,16,1/24/2022,5/20/2022,8:30:00 AM,9:45:00 AM,,T,,R,,,,BDC,BKSFLD
2136,31882,23,1/24/2022,5/20/2022,1:00:00 PM,2:15:00 PM,,T,,R,,,,SCI III,BKSFLD
2143,31636,15,1/24/2022,5/20/2022,4:00:00 PM,5:15:00 PM,M,,W,,,,,DDH,BKSFLD
2144,31638,10,1/24/2022,5/20/2022,12:00:00 PM,2:30:00 PM,M,,,,,,,EDUC,BKSFLD
2145,31638,10,1/24/2022,5/20/2022,12:00:00 PM,2:30:00 PM,M,,,,,,,EDUC,BKSFLD
2146,31640,5,1/24/2022,5/20/2022,12:00:00 PM,2:30:00 PM,,,W,,,,,EDUC,BKSFLD
2147,31640,5,1/24/2022,5/20/2022,12:00:00 PM,2:30:00 PM,,,W,,,,,EDUC,BKSFLD
2148,31816,20,1/24/2022,5/20/2022,8:30:00 AM,9:45:00 AM,,T,,R,,,,EDUC,BKSFLD
2149,31818,16,1/24/2022,5/20/2022,11:30:00 AM,2:00:00 PM,,T,,,,,,EDUC,BKSFLD
2150,31818,16,1/24/2022,5/20/2022,11:30:00 AM,2:00:00 PM,,T,,,,,,EDUC,BKSFLD
2151,31819,4,1/24/2022,5/20/2022,11:30:00 AM,2:00:00 PM,,,,R,,,,EDUC,BKSFLD
2152,31819,4,1/24/2022,5/20/2022,11:30:00 AM,2:00:00 PM,,,,R,,,,EDUC,BKSFLD
2160,33151,1,1/24/2022,5/20/2022,1:00:00 PM,2:15:00 PM,M,,W,,,,,DDH,BKSFLD
2162,32724,24,1/24/2022,5/20/2022,4:00:00 PM,6:30:00 PM,M,,,,,,,BDC,BKSFLD
2163,32721,2,1/24/2022,5/20/2022,1:00:00 PM,2:15:00 PM,M,,W,,,,,DDH,BKSFLD
2164,31639,14,1/24/2022,5/20/2022,4:00:00 PM,4:50:00 PM,,T,,R,,,,SCI II,BKSFLD
2165,31728,4,1/24/2022,5/20/2022,2:30:00 PM,3:45:00 PM,,T,,R,,,,SCI III,BKSFLD
2166,31729,4,1/24/2022,5/20/2022,10:00:00 AM,12:30:00 PM,M,,,,,,,SCI II,BKSFLD
2167,31730,0,1/24/2022,5/20/2022,10:00:00 AM,10:50:00 AM,,,,R,,,,SCI III,BKSFLD
2168,31731,10,1/24/2022,5/20/2022,1:00:00 PM,1:50:00 PM,M,,W,,,,,DDH,BKSFLD
2169,31733,10,1/24/2022,5/20/2022,4:00:00 PM,6:30:00 PM,,,W,,,,,SCI II,BKSFLD
2170,31746,2,1/24/2022,5/20/2022,1:00:00 PM,1:50:00 PM,,,,,F,,,SCI II,BKSFLD
2172,31860,46,1/24/2022,5/20/2022,11:30:00 AM,12:45:00 PM,,T,,,,,,BDC,BKSFLD
2183,32049,1,1/24/2022,5/20/2022,11:00:00 AM,1:35:00 PM,,,,,,S,,CSUB-AV,AV
2186,32051,3,1/24/2022,5/20/2022,3:00:00 PM,5:35:00 PM,,,,,,S,,CSUB-AV,AV
2194,31291,9,1/24/2022,5/20/2022,9:00:00 AM,9:50:00 AM,M,,W,,F,,,MUS,BKSFLD
2195,31341,6,1/24/2022,5/20/2022,12:00:00 PM,12:50:00 PM,,,W,,,,,CB,BKSFLD
2196,31351,3,1/24/2022,5/20/2022,4:00:00 PM,4:55:00 PM,,T,,R,,,,MUS,BKSFLD
2197,32091,2,1/24/2022,5/20/2022,2:30:00 PM,3:45:00 PM,,T,,R,,,,MUS,BKSFLD
2198,31355,1,1/24/2022,5/20/2022,11:00:00 AM,11:50:00 AM,M,,W,,F,,,MUS,BKSFLD
2199,31715,4,1/24/2022,5/20/2022,,,,,,,,,,MUS,BKSFLD
2200,32147,0,1/24/2022,5/20/2022,2:30:00 PM,3:45:00 PM,,T,,R,,,,MUS,BKSFLD
2202,32033,33,1/24/2022,5/20/2022,4:00:00 PM,5:15:00 PM,M,,W,,,,,BDC,BKSFLD
2203,32041,21,1/24/2022,5/20/2022,2:30:00 PM,3:45:00 PM,M,,W,,,,,BDC,BKSFLD
2208,31808,21,1/24/2022,5/20/2022,10:00:00 AM,11:15:00 AM,,T,,R,,,,DDH,BKSFLD
2210,31788,2,1/24/2022,5/20/2022,7:00:00 PM,9:30:00 PM,,T,,,,,,BDC,BKSFLD
2214,31441,1,1/24/2022,5/20/2022,12:00:00 PM,12:50:00 PM,M,,W,,,,,MUS,BKSFLD
2215,31444,5,1/24/2022,5/20/2022,10:00:00 AM,10:50:00 AM,M,,W,,F,,,MUS,BKSFLD
2216,31445,5,1/24/2022,5/20/2022,11:00:00 AM,11:50:00 AM,M,,W,,,,,MUS,BKSFLD
2217,31654,0,1/24/2022,5/20/2022,11:00:00 AM,11:50:00 AM,,,,,F,,,MUS,BKSFLD
2218,31667,3,1/24/2022,5/20/2022,11:30:00 AM,12:45:00 PM,,T,,R,,,,CB,BKSFLD
2220,31830,1,1/24/2022,5/20/2022,8:30:00 AM,9:45:00 AM,,T,,R,,,,MUS,BKSFLD
2221,32197,8,1/24/2022,5/20/2022,10:00:00 AM,11:15:00 AM,,T,,R,,,,SCI III,BKSFLD
2222,32197,8,1/24/2022,5/20/2022,11:00:00 AM,11:50:00 AM,M,,,,,,,SCI III,BKSFLD
2224,32198,16,1/24/2022,5/20/2022,2:30:00 PM,3:30:00 PM,M,,,,,,,SCI III,BKSFLD
2225,32198,16,1/24/2022,5/20/2022,2:30:00 PM,3:45:00 PM,,T,,R,,,,SCI III,BKSFLD
2227,32453,17,1/24/2022,5/20/2022,11:30:00 AM,1:10:00 PM,,T,,R,,,,SCI III,BKSFLD
2229,33163,0,1/24/2022,3/18/2022,6:00:00 PM,8:00:00 PM,M,,,,,,,RNEC,EBKS
2230,33164,0,3/21/2022,5/20/2022,6:00:00 PM,8:00:00 PM,M,,,,,,,RNEC,EBKS
2231,31382,32,1/24/2022,5/20/2022,5:30:00 PM,6:45:00 PM,M,,W,,,,,BDC,BKSFLD
2232,31597,11,1/24/2022,5/20/2022,2:30:00 PM,3:45:00 PM,M,,W,,,,,BDC,BKSFLD
2233,31603,13,1/24/2022,5/20/2022,1:00:00 PM,1:50:00 PM,M,,W,,,,,DDH,BKSFLD
2234,31649,13,1/24/2022,5/20/2022,10:00:00 AM,12:30:00 PM,,T,,R,,,,SCI II,BKSFLD
2235,31651,14,1/24/2022,5/20/2022,1:00:00 PM,3:30:00 PM,,T,,R,,,,SCI II,BKSFLD
2236,32044,17,1/24/2022,5/20/2022,7:00:00 PM,8:15:00 PM,,T,,R,,,,MUS,BKSFLD
2237,31996,44,1/24/2022,5/20/2022,7:00:00 PM,8:15:00 PM,,T,,R,,,,SCI III,BKSFLD
2238,31843,23,1/24/2022,5/20/2022,8:30:00 PM,9:45:00 PM,M,,W,,,,,WSL,BKSFLD
2239,31844,9,1/24/2022,5/20/2022,8:30:00 PM,9:45:00 PM,M,,W,,,,,CSUB-AV,AV
2240,31699,4,1/24/2022,5/20/2022,8:30:00 PM,9:45:00 PM,,T,,R,,,,BDC,BKSFLD
2249,31851,23,1/24/2022,5/20/2022,8:30:00 PM,9:45:00 PM,,T,,R,,,,WSL,BKSFLD
2250,31852,17,1/24/2022,5/20/2022,8:30:00 PM,9:45:00 PM,,T,,R,,,,CSUB-AV,AV
2271,32610,0,1/24/2022,5/20/2022,10:00:00 AM,12:30:00 PM,,,,,F,,,SCI I,BKSFLD
2275,32006,13,1/24/2022,5/20/2022,5:45:00 PM,8:15:00 PM,,,W,,,,,DDH,BKSFLD
2276,32016,10,1/24/2022,5/20/2022,5:45:00 PM,8:15:00 PM,,,,R,,,,BDC,BKSFLD
2279,31604,39,1/24/2022,5/20/2022,1:00:00 PM,2:15:00 PM,,T,,R,,,,DDH,BKSFLD
2280,31605,39,1/24/2022,5/20/2022,4:00:00 PM,5:15:00 PM,M,,W,,,,,DDH,BKSFLD
2282,31748,9,1/24/2022,5/20/2022,9:00:00 AM,11:30:00 AM,,,,,F,,,SCI III,BKSFLD
2283,33058,1,1/24/2022,5/20/2022,9:00:00 AM,11:30:00 AM,,,,,F,,,SCI III,BKSFLD
2292,32671,24,1/24/2022,5/20/2022,1:00:00 PM,3:30:00 PM,M,,,,,,,SCI I,BKSFLD
2293,32679,24,1/24/2022,5/20/2022,1:00:00 PM,3:30:00 PM,,,W,,,,,SCI I,BKSFLD
2301,32759,35,1/24/2022,5/20/2022,2:30:00 PM,3:45:00 PM,M,,W,,,,,BDC,BKSFLD
2302,32809,21,1/24/2022,5/20/2022,4:00:00 PM,4:50:00 PM,,,W,,,,,SCI III,BKSFLD
2303,32818,2,1/24/2022,5/20/2022,5:20:00 PM,7:00:00 PM,M,,,,,,,SCI II,BKSFLD
2311,31633,28,1/24/2022,5/20/2022,9:00:00 AM,9:50:00 AM,,T,,,,,,SCI III,BKSFLD
2318,31684,15,1/24/2022,5/20/2022,10:00:00 AM,10:50:00 AM,,,,,F,,,DT,BKSFLD
2319,31685,15,1/24/2022,5/20/2022,10:51:00 AM,2:10:00 PM,,,,,F,,,DT,BKSFLD
2335,31791,6,1/24/2022,5/20/2022,5:45:00 PM,8:15:00 PM,M,,,,,,,EDUC,BKSFLD
2336,31284,15,1/24/2022,5/20/2022,8:30:00 AM,9:45:00 AM,,T,,R,,,,DDH,BKSFLD
2337,31285,19,1/24/2022,5/20/2022,10:00:00 AM,11:15:00 AM,,T,,R,,,,DDH,BKSFLD
2338,32597,24,1/24/2022,5/20/2022,10:00:00 AM,12:30:00 PM,M,,,,,,,SCI I,BKSFLD
2339,32756,68,1/24/2022,5/20/2022,1:00:00 PM,2:15:00 PM,M,,W,,,,,SCI II,BKSFLD
2340,32781,29,1/24/2022,5/20/2022,11:30:00 AM,12:45:00 PM,,T,,R,,,,SCI II,BKSFLD
2341,32812,3,1/24/2022,5/20/2022,9:00:00 AM,9:50:00 AM,,T,,R,,,,SCI III,BKSFLD
2358,32682,15,1/24/2022,5/20/2022,8:30:00 AM,9:45:00 AM,,T,,R,,,,DDH,BKSFLD
2359,32691,15,1/24/2022,5/20/2022,10:00:00 AM,10:50:00 AM,,T,,R,,,,DDH,BKSFLD
2360,32704,4,1/24/2022,5/20/2022,11:30:00 AM,12:45:00 PM,,T,,R,,,,DDH,BKSFLD
2361,32706,4,1/24/2022,5/20/2022,1:00:00 PM,1:50:00 PM,,T,,R,,,,DDH,BKSFLD
2364,31600,15,1/24/2022,5/20/2022,4:00:00 PM,4:50:00 PM,M,,W,,,,,BDC,BKSFLD
2365,31601,18,1/24/2022,5/20/2022,1:00:00 PM,1:50:00 PM,M,,W,,,,,DLC,BKSFLD
2366,31641,14,1/24/2022,5/20/2022,10:00:00 AM,11:15:00 AM,,T,,R,,,,SCI III,BKSFLD
2367,31645,14,1/24/2022,5/20/2022,1:00:00 PM,3:30:00 PM,,T,,R,,,,SCI II,BKSFLD
2368,32538,1,1/24/2022,5/20/2022,1:00:00 PM,3:30:00 PM,,,,,F,,,SCI II,BKSFLD
2387,32534,58,1/24/2022,5/20/2022,12:00:00 PM,12:50:00 PM,M,,W,,,,,BDC,BKSFLD
2389,32611,50,1/24/2022,5/20/2022,11:30:00 AM,12:45:00 PM,,T,,R,,,,HUM,BKSFLD
2390,32613,18,1/24/2022,5/20/2022,1:00:00 PM,3:30:00 PM,,T,,,,,,SCI I,BKSFLD
2391,32614,14,1/24/2022,5/20/2022,1:00:00 PM,3:30:00 PM,,,,R,,,,SCI I,BKSFLD
2392,32619,8,1/24/2022,5/20/2022,1:00:00 PM,3:30:00 PM,,,W,,,,,SCI I,BKSFLD
2393,32621,10,1/24/2022,5/20/2022,4:00:00 PM,6:30:00 PM,,,W,,,,,SCI I,BKSFLD
2397,31619,23,1/24/2022,5/20/2022,4:00:00 PM,5:15:00 PM,M,,W,,,,,EDUC,BKSFLD
2398,31622,24,1/24/2022,5/20/2022,4:00:00 PM,5:15:00 PM,,T,,R,,,,EDUC,BKSFLD
2402,31987,17,1/24/2022,5/20/2022,5:30:00 PM,6:45:00 PM,,T,,R,,,,BDC,BKSFLD
2403,32014,41,1/24/2022,5/20/2022,2:30:00 PM,3:45:00 PM,,T,,R,,,,BDC,BKSFLD
2404,32015,23,1/24/2022,5/20/2022,7:00:00 PM,8:15:00 PM,,T,,R,,,,BDC,BKSFLD
2425,33059,0,1/24/2022,5/20/2022,1:00:00 PM,2:40:00 PM,,T,,R,,,,SCI III,BKSFLD
2427,32216,20,1/24/2022,5/20/2022,10:00:00 AM,11:40:00 AM,,T,,R,,,,SCI III,BKSFLD
2429,32211,5,1/24/2022,5/20/2022,9:00:00 AM,10:40:00 AM,M,,W,,,,,SCI III,BKSFLD
2431,32217,3,1/24/2022,5/20/2022,1:00:00 PM,2:40:00 PM,,T,,R,,,,SCI III,BKSFLD
2433,32757,4,1/24/2022,5/20/2022,5:30:00 PM,6:45:00 PM,M,,W,,,,,MUS,BKSFLD
2434,32141,10,1/24/2022,5/20/2022,4:00:00 PM,4:50:00 PM,M,T,,R,,,,SCI III,BKSFLD
2436,32152,10,1/24/2022,5/20/2022,4:50:00 PM,5:40:00 PM,M,,,,,,,SCI III,BKSFLD
2442,32261,10,1/24/2022,5/20/2022,1:30:00 PM,3:10:00 PM,,T,,R,,,,SCI III,BKSFLD
2444,32231,0,1/24/2022,5/20/2022,12:00:00 PM,1:40:00 PM,M,,W,,,,,SCI III,BKSFLD
2449,32653,30,1/24/2022,5/20/2022,8:00:00 AM,8:50:00 AM,M,,W,,F,,,SCI III,BKSFLD
2450,32655,16,1/24/2022,5/20/2022,5:30:00 PM,8:00:00 PM,M,,,,,,,DDH,BKSFLD
2451,32214,14,1/24/2022,5/20/2022,9:00:00 AM,9:50:00 AM,,,,,F,,,SCI III,BKSFLD
2453,32201,10,1/24/2022,5/20/2022,10:00:00 AM,11:15:00 AM,,T,,R,,,,SCI III,BKSFLD
2454,32201,10,1/24/2022,5/20/2022,10:00:00 AM,11:40:00 AM,M,,,,,,,SCI III,BKSFLD
2456,32202,9,1/24/2022,5/20/2022,1:00:00 PM,2:15:00 PM,,T,,R,,,,SCI III,BKSFLD
2457,32202,9,1/24/2022,5/20/2022,1:00:00 PM,2:40:00 PM,M,,,,,,,SCI III,BKSFLD
2459,32230,20,1/24/2022,5/20/2022,12:00:00 PM,1:40:00 PM,M,,W,,,,,SCI III,BKSFLD
2461,32701,18,1/24/2022,5/20/2022,1:00:00 PM,2:15:00 PM,,T,,R,,,,HUM,BKSFLD
2462,32705,7,1/24/2022,5/20/2022,10:00:00 AM,11:15:00 AM,,T,,R,,,,HUM,BKSFLD
2463,32722,4,1/24/2022,5/20/2022,2:30:00 PM,3:45:00 PM,M,,W,,,,,DDH,BKSFLD
2464,31861,31,1/24/2022,5/20/2022,1:00:00 PM,2:15:00 PM,M,,W,,,,,WSL,BKSFLD
2465,32111,18,1/24/2022,5/20/2022,4:00:00 PM,5:15:00 PM,M,,W,,,,,BDC,BKSFLD
2482,31958,18,1/24/2022,5/20/2022,7:00:00 PM,8:15:00 PM,M,,W,,,,,BDC,BKSFLD
2483,31994,13,1/24/2022,5/20/2022,8:30:00 PM,9:45:00 PM,M,,W,,,,,DLC,BKSFLD
2486,31867,18,1/24/2022,5/20/2022,5:30:00 PM,6:45:00 PM,,T,,R,,,,SCI II,BKSFLD
2495,31112,0,1/24/2022,5/20/2022,9:30:00 AM,12:00:00 PM,,,,R,,,,EDUC,BKSFLD
2498,31034,8,1/24/2022,5/20/2022,1:00:00 PM,3:00:00 PM,,T,,,,,,SCI II,BKSFLD
2500,31511,6,1/24/2022,5/20/2022,10:00:00 AM,10:50:00 AM,,T,,R,,,,VA,BKSFLD
2501,31512,6,1/24/2022,5/20/2022,10:51:00 AM,12:05:00 PM,,T,,R,,,,VA,BKSFLD
2502,31627,11,1/24/2022,5/20/2022,1:00:00 PM,1:50:00 PM,,T,,R,,,,VA,BKSFLD
2503,31628,11,1/24/2022,5/20/2022,1:51:00 PM,3:05:00 PM,,T,,R,,,,VA,BKSFLD
2504,31694,13,1/24/2022,5/20/2022,7:50:00 AM,8:40:00 AM,,T,,R,,,,VA,BKSFLD
2505,31735,13,1/24/2022,5/20/2022,8:41:00 AM,9:55:00 AM,,T,,R,,,,VA,BKSFLD
2511,32032,5,1/24/2022,5/20/2022,1:00:00 PM,2:15:00 PM,M,,W,,,,,MUS,BKSFLD
2512,32092,2,1/24/2022,5/20/2022,4:00:00 PM,5:45:00 PM,,T,,R,,,,MUS,BKSFLD
2513,31657,5,1/24/2022,5/20/2022,11:00:00 AM,11:50:00 AM,,,W,,,,,MUS,BKSFLD
2514,31723,15,1/24/2022,5/20/2022,1:00:00 PM,2:15:00 PM,,T,,R,,,,MUS,BKSFLD
2515,32140,4,1/24/2022,5/20/2022,1:00:00 PM,2:15:00 PM,M,,W,,,,,MUS,BKSFLD
2516,32148,2,1/24/2022,5/20/2022,4:00:00 PM,5:45:00 PM,,T,,R,,,,MUS,BKSFLD
2517,31835,2,1/24/2022,5/20/2022,10:00:00 AM,10:50:00 AM,,T,,,,,,MUS,BKSFLD
2518,32162,2,1/24/2022,5/20/2022,10:00:00 AM,10:50:00 AM,,,,R,,,,MUS,BKSFLD
2520,31922,38,1/24/2022,5/20/2022,4:00:00 PM,5:15:00 PM,,T,,R,,,,DDH,BKSFLD
2521,31923,7,1/24/2022,5/20/2022,4:00:00 PM,5:15:00 PM,,T,,R,,,,DDH,BKSFLD
2522,32491,14,1/24/2022,5/20/2022,8:30:00 AM,9:45:00 AM,,T,,R,,,,DDH,BKSFLD
2523,31891,8,1/24/2022,5/20/2022,9:00:00 AM,9:50:00 AM,M,,W,,F,,,BDC,BKSFLD
2524,31898,10,1/24/2022,5/20/2022,11:00:00 AM,11:50:00 AM,M,,W,,F,,,BDC,BKSFLD
2525,31899,23,1/24/2022,5/20/2022,1:00:00 PM,2:15:00 PM,M,,W,,,,,BDC,BKSFLD
2526,31583,15,1/24/2022,5/20/2022,10:00:00 AM,10:50:00 AM,,T,,R,,,,EDUC,BKSFLD
2527,31585,2,1/24/2022,5/20/2022,11:30:00 AM,12:20:00 PM,,T,,R,,,,PEFLDS,BKSFLD
2528,31586,8,1/24/2022,5/20/2022,1:00:00 PM,1:50:00 PM,,T,,R,,,,PEFLDS,BKSFLD
2529,32086,3,1/24/2022,5/20/2022,11:00:00 AM,11:50:00 AM,M,,W,,,,,SRC,BKSFLD
2530,31781,5,1/24/2022,5/20/2022,8:00:00 AM,8:50:00 AM,M,,W,,,,,EDUC,BKSFLD
2531,31783,5,1/24/2022,5/20/2022,9:00:00 AM,10:40:00 AM,,,W,,,,,PE,BKSFLD
2532,31786,10,1/24/2022,5/20/2022,8:30:00 AM,9:20:00 AM,,T,,R,,,,EDUC,BKSFLD
2533,31787,10,1/24/2022,5/20/2022,9:30:00 AM,11:10:00 AM,,,,R,,,,PE,BKSFLD
2534,31689,28,1/24/2022,5/20/2022,1:00:00 PM,1:50:00 PM,,T,,R,,,,DDH,BKSFLD
2535,31691,18,1/24/2022,5/20/2022,2:10:00 PM,3:50:00 PM,,T,,,,,,PE,BKSFLD
2536,31693,10,1/24/2022,5/20/2022,2:10:00 PM,3:50:00 PM,,,,R,,,,PE,BKSFLD
2540,31929,42,1/24/2022,5/20/2022,11:30:00 AM,12:45:00 PM,,T,,R,,,,BDC,BKSFLD
2541,31997,7,1/24/2022,5/20/2022,1:00:00 PM,2:15:00 PM,,T,,R,,,,BDC,BKSFLD
2542,31998,31,1/24/2022,5/20/2022,4:00:00 PM,5:15:00 PM,,T,,R,,,,MUS,BKSFLD
2547,31336,15,1/24/2022,5/20/2022,4:00:00 PM,5:15:00 PM,,T,,R,,,,DDH,BKSFLD
2549,31389,15,1/24/2022,5/20/2022,2:30:00 PM,3:45:00 PM,,T,,R,,,,WSL,BKSFLD
2550,31391,14,1/24/2022,5/20/2022,5:30:00 PM,8:00:00 PM,,,W,,,,,WSL,BKSFLD
2552,32190,10,1/24/2022,5/20/2022,11:00:00 AM,12:15:00 PM,M,,W,,,,,SCI III,BKSFLD
2553,33072,10,1/24/2022,5/20/2022,11:00:00 AM,11:50:00 AM,,,,,F,,,SCI III,BKSFLD
2554,31866,23,1/24/2022,5/20/2022,5:30:00 PM,8:15:00 PM,,,W,,,,,MUS,BKSFLD
2563,32974,20,1/24/2022,5/20/2022,1:00:00 PM,2:15:00 PM,,T,,R,,,,BDC,BKSFLD
2564,31989,30,1/24/2022,5/20/2022,4:00:00 PM,5:15:00 PM,M,,W,,,,,MUS,BKSFLD
2572,31859,4,1/24/2022,5/20/2022,5:30:00 PM,8:15:00 PM,M,,,,,,,SCI III,BKSFLD
2573,31320,12,1/24/2022,5/20/2022,7:00:00 PM,9:30:00 PM,,,W,,,,,EDUC,BKSFLD
2574,31318,12,1/24/2022,5/20/2022,5:30:00 PM,8:00:00 PM,M,,,,,,,DDH,BKSFLD
2575,31334,10,1/24/2022,5/20/2022,5:30:00 PM,8:00:00 PM,,T,,,,,,EDUC,BKSFLD
2576,31914,6,1/24/2022,5/20/2022,2:30:00 PM,3:45:00 PM,,T,,R,,,,EDUC,BKSFLD
2577,31916,20,1/24/2022,5/20/2022,5:30:00 PM,8:00:00 PM,,T,,,,,,HUM,BKSFLD
2578,31917,31,1/24/2022,5/20/2022,10:00:00 AM,11:15:00 AM,,T,,R,,,,HUM,BKSFLD
2579,31939,20,1/24/2022,5/20/2022,11:30:00 AM,12:45:00 PM,,T,,R,,,,DDH,BKSFLD
2590,31855,12,1/24/2022,5/20/2022,5:30:00 PM,6:45:00 PM,,T,,R,,,,WSL,BKSFLD
2591,31856,11,1/24/2022,5/20/2022,5:30:00 PM,6:45:00 PM,,T,,R,,,,CSUB-AV,AV
2617,32284,30,1/24/2022,5/20/2022,11:30:00 AM,12:45:00 PM,,T,,R,,,,DDH,BKSFLD
2618,32287,20,1/24/2022,5/20/2022,1:00:00 PM,2:15:00 PM,,T,,R,,,,DDH,BKSFLD
2619,32289,17,1/24/2022,5/20/2022,2:30:00 PM,3:45:00 PM,,T,,R,,,,SCI III,BKSFLD
2620,32503,30,1/24/2022,5/20/2022,12:00:00 PM,12:50:00 PM,M,,W,,F,,,SCI III,BKSFLD
2621,33211,4,1/24/2022,5/20/2022,2:00:00 PM,2:50:00 PM,M,,W,,F,,,EDUC,BKSFLD
2624,31978,45,1/24/2022,5/20/2022,1:00:00 PM,1:50:00 PM,M,,,,,,,BDC,BKSFLD
2625,31979,45,1/24/2022,5/20/2022,7:00:00 PM,7:50:00 PM,,,W,,,,,DDH,BKSFLD
2628,31849,15,1/24/2022,5/20/2022,5:30:00 PM,6:45:00 PM,M,,W,,,,,WSL,BKSFLD
2629,31850,7,1/24/2022,5/20/2022,5:30:00 PM,6:45:00 PM,M,,W,,,,,CSUB-AV,AV
2630,32022,24,1/24/2022,5/20/2022,8:30:00 PM,9:45:00 PM,M,,W,,,,,DDH,BKSFLD
2636,32061,40,1/24/2022,5/20/2022,1:00:00 PM,2:15:00 PM,,T,,R,,,,BDC,BKSFLD
2637,32066,22,1/24/2022,5/20/2022,7:00:00 PM,8:15:00 PM,,T,,R,,,,DLC,BKSFLD
2645,32467,4,1/24/2022,5/20/2022,12:00:00 PM,12:50:00 PM,M,,W,,F,,,DDH,BKSFLD
2646,32515,9,1/24/2022,5/20/2022,4:00:00 PM,5:15:00 PM,,T,,R,,,,DDH,BKSFLD
2648,33063,3,1/24/2022,5/20/2022,4:00:00 PM,5:15:00 PM,M,,W,,,,,DDH,BKSFLD
2654,32098,11,1/24/2022,5/20/2022,8:00:00 AM,9:15:00 AM,,T,,R,,,,SCI III,BKSFLD
2656,32099,11,1/24/2022,5/20/2022,8:00:00 AM,8:50:00 AM,M,,,,,,,SCI III,BKSFLD
2658,32132,20,1/24/2022,5/20/2022,11:30:00 AM,12:45:00 PM,,T,,R,,,,SCI III,BKSFLD
2660,32133,20,1/24/2022,5/20/2022,12:00:00 PM,12:50:00 PM,M,,,,,,,SCI III,BKSFLD
2662,32191,8,1/24/2022,5/20/2022,10:00:00 AM,10:50:00 AM,M,,,,,,,SCI III,BKSFLD
2663,32191,8,1/24/2022,5/20/2022,10:00:00 AM,11:15:00 AM,,T,,R,,,,SCI III,BKSFLD
2665,32192,18,1/24/2022,5/20/2022,1:00:00 PM,1:50:00 PM,M,,,,,,,SCI III,BKSFLD
2666,32192,18,1/24/2022,5/20/2022,1:00:00 PM,2:15:00 PM,,T,,R,,,,SCI III,BKSFLD
2668,31317,12,1/24/2022,5/20/2022,7:00:00 PM,9:30:00 PM,M,,,,,,,EDUC,BKSFLD
2669,31324,14,1/24/2022,5/20/2022,4:00:00 PM,5:00:00 PM,,T,,,,,,EDUC,BKSFLD
2670,31335,4,1/24/2022,5/20/2022,11:00:00 AM,1:30:00 PM,M,,,,,,,EDUC,BKSFLD
2671,32184,11,1/24/2022,5/20/2022,10:00:00 AM,11:40:00 AM,,T,,R,,,,EDUC,BKSFLD
2673,32187,11,1/24/2022,5/20/2022,2:30:00 PM,4:10:00 PM,,T,,R,,,,SCI II,BKSFLD
2675,32213,23,1/24/2022,5/20/2022,10:00:00 AM,11:40:00 AM,M,,W,,,,,SCI III,BKSFLD
2677,31592,3,1/24/2022,5/20/2022,10:00:00 AM,11:15:00 AM,,T,,R,,,,EDUC,BKSFLD
2678,31763,24,1/24/2022,5/20/2022,12:00:00 PM,12:50:00 PM,M,,W,,,,,EDUC,BKSFLD
2679,31764,12,1/24/2022,5/20/2022,1:00:00 PM,2:20:00 PM,M,,,,,,,EDUC,BKSFLD
2680,31764,12,1/24/2022,5/20/2022,2:20:00 PM,3:30:00 PM,M,,,,,,,PE,BKSFLD
2681,31607,19,1/24/2022,5/20/2022,5:30:00 PM,6:45:00 PM,M,,W,,,,,EDUC,BKSFLD
2682,31608,23,1/24/2022,5/20/2022,1:00:00 PM,2:15:00 PM,,T,,R,,,,EDUC,BKSFLD
2684,31954,21,1/24/2022,5/20/2022,5:30:00 PM,6:45:00 PM,,T,,R,,,,BDC,BKSFLD
